"Mod","SourceFile","EntityType","Key","MissingKey","MissingDescKey","DescKey","Status"
"7D1.0_Izayo_Visible_FPV_Gloves_mod","Config\buffs.xml","buff","IZYBeltAmmoCheck_01","True","False","","missing_name"
"7D1.0_Izayo_Visible_FPV_Gloves_mod","Config\buffs.xml","buff","IZYBeltAmmoCheck_02","True","False","","missing_name"
"7D1.0_Izayo_Visible_FPV_Gloves_mod","Config\buffs.xml","buff","IZYGlovesEffect","True","False","","missing_name"
"7D1.0_Izayo_Visible_FPV_Gloves_mod","Config\buffs.xml","buff","RefreshHand","True","False","","missing_name"
"7D1.0_Izayo_Visible_FPV_Gloves_mod","Config\buffs.xml","buff","WearingArmorBlackLeather","True","False","","missing_name"
"7D1.0_Izayo_Visible_FPV_Gloves_mod","Config\buffs.xml","buff","WearingArmorBrownLeather","True","False","","missing_name"
"7D1.0_Izayo_Visible_FPV_Gloves_mod","Config\buffs.xml","buff","WearingArmorDarkLeather","True","False","","missing_name"
"7D1.0_Izayo_Visible_FPV_Gloves_mod","Config\buffs.xml","buff","WearingLower","True","False","","missing_name"
"Locks","Config\items.xml","item","LockLoadingHack","True","True","LockLoadingHackDesc","missing_name_and_desc"
"Rebirth_Weapon_Resource","Config\items.xml","item","RBgunT1ARAKM","False","True","RBgunT1ARAKMDesc","missing_desc_only"
"Rebirth_Weapon_Resource","Config\items.xml","item","RBgunT1ARFNFALrifle","False","True","RBgunT1ARFNFALrifleDesc","missing_desc_only"
"Rebirth_Weapon_Resource","Config\items.xml","item","RBgunT1HandgunPistolAP85","False","True","RBgunT1HandgunPistolAP85Desc","missing_desc_only"
"Rebirth_Weapon_Resource","Config\items.xml","item","RBgunT1SniperRifleHuntingRifle","False","True","RBgunT1SniperRifleHuntingRifleDesc","missing_desc_only"
"Rebirth_Weapon_Resource","Config\items.xml","item","RBgunT2ARG3rifle","False","True","RBgunT2ARG3rifleDesc","missing_desc_only"
"Rebirth_Weapon_Resource","Config\items.xml","item","RBgunT2HandgunPistolMagnumSuperLuger44","False","True","RBgunT2HandgunPistolMagnumSuperLuger44Desc","missing_desc_only"
"Rebirth_Weapon_Resource","Config\items.xml","item","RBgunT2HandgunPistolP350","False","True","RBgunT2HandgunPistolP350Desc","missing_desc_only"
"Rebirth_Weapon_Resource","Config\items.xml","item","RBgunT3ARG36rifle","False","True","RBgunT3ARG36rifleDesc","missing_desc_only"
"Rebirth_Weapon_Resource","Config\items.xml","item","RBgunT3ARM16Rifle","False","True","RBgunT3ARM16RifleDesc","missing_desc_only"
"Rebirth_Weapon_Resource","Config\items.xml","item","RBgunT3ARMK18Rifle","False","True","RBgunT3ARMK18RifleDesc","missing_desc_only"
"Rebirth_Weapon_Resource","Config\items.xml","item","RBgunT3DualHandgunPistolMagnumDesertEagles","False","True","RBgunT3DualHandgunPistolMagnumDesertEaglesDesc","missing_desc_only"
"Rebirth_Weapon_Resource","Config\items.xml","item","RBgunT3DualHandgunPistolMagnumRevolver44","False","True","RBgunT3DualHandgunPistolMagnumRevolver44Desc","missing_desc_only"
"Rebirth_Weapon_Resource","Config\items.xml","item","RBgunT3HandgunPistolGlock17G17","False","True","RBgunT3HandgunPistolGlock17G17Desc","missing_desc_only"
"Rebirth_Weapon_Resource","Config\items.xml","item","RBgunT3HandgunPistolMagnumRevolver44","False","True","RBgunT3HandgunPistolMagnumRevolver44Desc","missing_desc_only"
"Rebirth_Weapon_Resource","Config\items.xml","item","RBgunT3ShotgunPumpShotgun","False","True","RBgunT3ShotgunPumpShotgunDesc","missing_desc_only"
"Rebirth_Weapon_Resource","Config\items.xml","item","RBgunT3SMGMP5","False","True","RBgunT3SMGMP5Desc","missing_desc_only"
"Rebirth_Weapon_Resource","Config\items.xml","item","RBgunT4ShotgunAutoshotgunM4","False","True","RBgunT4ShotgunAutoshotgunM4Desc","missing_desc_only"
"TheDescent-cave-assets","Config\blocks.xml","block","humanBones01","True","False","","missing_name"
"TheDescent-cave-assets","Config\blocks.xml","block","humanBones02","True","False","","missing_name"
"TheDescent-cave-assets","Config\blocks.xml","block","humanBones03","True","False","","missing_name"
"TheDescent-cave-assets","Config\blocks.xml","block","humanBones04","True","False","","missing_name"
"TheDescent-cave-assets","Config\blocks.xml","block","humanBones05","True","False","","missing_name"
"TheDescent-cave-assets","Config\blocks.xml","block","humanSkeleton01","True","False","","missing_name"
"TheDescent-cave-assets","Config\blocks.xml","block","humanSkeleton02","True","False","","missing_name"
"TheDescent-cave-assets","Config\blocks.xml","block","humanSkeleton03","True","False","","missing_name"
"TheDescent-cave-assets","Config\blocks.xml","block","humanSkeleton04","True","False","","missing_name"
"TheDescent-cave-assets","Config\blocks.xml","block","humanSkeleton05","True","False","","missing_name"
"TheDescent-cave-assets","Config\blocks.xml","block","humanSkeleton06","True","False","","missing_name"
"TheDescent-cave-assets","Config\blocks.xml","block","humanSkeleton07","True","False","","missing_name"
"TheDescent-cave-assets","Config\blocks.xml","block","humanSkeleton08","True","False","","missing_name"
"TheDescent-cave-assets","Config\blocks.xml","block","humanSkeleton09","True","False","","missing_name"
"TheDescent-cave-assets","Config\blocks.xml","block","humanSkeleton10","True","False","","missing_name"
"TheDescent-cave-assets","Config\blocks.xml","block","humanSkeleton11","True","False","","missing_name"
"TheDescent-cave-assets","Config\blocks.xml","block","humanSkull01","True","False","","missing_name"
"TheDescent-cave-assets","Config\blocks.xml","block","humanSkull02","True","False","","missing_name"
"TheDescent-cave-assets","Config\blocks.xml","block","humanSkull03","True","False","","missing_name"
"TheDescent-cave-assets","Config\blocks.xml","block","humanSkullPile01","True","False","","missing_name"
"TheDescent-cave-assets","Config\blocks.xml","block","stalactite01","True","False","","missing_name"
"TheDescent-cave-assets","Config\blocks.xml","block","stalactite02","True","False","","missing_name"
"TheDescent-cave-assets","Config\blocks.xml","block","stalactite03","True","False","","missing_name"
"TheDescent-cave-assets","Config\blocks.xml","block","stalactite04","True","False","","missing_name"
"TheDescent-cave-assets","Config\blocks.xml","block","stalactite05","True","False","","missing_name"
"TheDescent-cave-assets","Config\blocks.xml","block","stalactite06","True","False","","missing_name"
"TheDescent-cave-assets","Config\blocks.xml","block","stalactite07","True","False","","missing_name"
"TheDescent-cave-assets","Config\blocks.xml","block","stalactite08","True","False","","missing_name"
"TheDescent-cave-assets","Config\blocks.xml","block","stalagmite01","True","False","","missing_name"
"TheDescent-cave-assets","Config\blocks.xml","block","stalagmite02","True","False","","missing_name"
"TheDescent-cave-assets","Config\blocks.xml","block","stalagmite03","True","False","","missing_name"
"TheDescent-cave-assets","Config\blocks.xml","block","stalagmite04","True","False","","missing_name"
"TheDescent-cave-assets","Config\blocks.xml","block","stalagmite05","True","False","","missing_name"
"TheDescent-cave-assets","Config\blocks.xml","block","stalagmite06","True","False","","missing_name"
"TheDescent-cave-assets","Config\blocks.xml","block","stalagmite07","True","False","","missing_name"
"TheDescent-cave-assets","Config\blocks.xml","block","stalagmite08","True","False","","missing_name"
"TheDescent-cave-assets","Config\blocks.xml","block","stalagmite09","True","False","","missing_name"
"TheDescent-cave-assets","Config\items.xml","item","armyMedal01","True","True","armyMedal01Desc","missing_name_and_desc"
"TheDescent-cave-assets","Config\items.xml","item","armyMedal02","True","True","armyMedal02Desc","missing_name_and_desc"
"TheDescent-cave-assets","Config\items.xml","item","armyMedal03","True","True","armyMedal03Desc","missing_name_and_desc"
"TheDescent-cave-assets","Config\items.xml","item","armyMedal04","True","True","armyMedal04Desc","missing_name_and_desc"
"TheDescent-cave-assets","Config\items.xml","item","armyMedal05","True","True","armyMedal05Desc","missing_name_and_desc"
"TheDescent-cave-assets","Config\items.xml","item","armyMedalCollection","True","True","armyMedalCollectionDesc","missing_name_and_desc"
"TheDescent-cave-assets","Config\items.xml","item","bookCaversGuide","True","True","bookCaversGuideDesc","missing_name_and_desc"
"TheDescent-cave-assets","Config\items.xml","item","coin01","True","True","coin01Desc","missing_name_and_desc"
"TheDescent-cave-assets","Config\items.xml","item","coin02","True","True","coin02Desc","missing_name_and_desc"
"TheDescent-cave-assets","Config\items.xml","item","coin03","True","True","coin03Desc","missing_name_and_desc"
"TheDescent-cave-assets","Config\items.xml","item","coin04","True","True","coin04Desc","missing_name_and_desc"
"TheDescent-cave-assets","Config\items.xml","item","coin05","True","True","coin05Desc","missing_name_and_desc"
"TheDescent-cave-assets","Config\items.xml","item","coinCollection","True","True","coinCollectionDesc","missing_name_and_desc"
"TheDescent-cave-assets","Config\items.xml","item","crystal01","False","True","crystal01Desc","missing_desc_only"
"TheDescent-cave-assets","Config\items.xml","item","crystal02","False","True","crystal02Desc","missing_desc_only"
"TheDescent-cave-assets","Config\items.xml","item","crystal03","False","True","crystal03Desc","missing_desc_only"
"TheDescent-cave-assets","Config\items.xml","item","crystal04","False","True","crystal04Desc","missing_desc_only"
"TheDescent-cave-assets","Config\items.xml","item","crystal05","False","True","crystal05Desc","missing_desc_only"
"TheDescent-cave-assets","Config\items.xml","item","crystalCollection","False","True","crystalCollectionDesc","missing_desc_only"
"TheDescent-cave-assets","Config\items.xml","item","fossil01","True","True","fossil01Desc","missing_name_and_desc"
"TheDescent-cave-assets","Config\items.xml","item","fossil02","True","True","fossil02Desc","missing_name_and_desc"
"TheDescent-cave-assets","Config\items.xml","item","fossil03","True","True","fossil03Desc","missing_name_and_desc"
"TheDescent-cave-assets","Config\items.xml","item","fossil04","True","True","fossil04Desc","missing_name_and_desc"
"TheDescent-cave-assets","Config\items.xml","item","fossil05","True","True","fossil05Desc","missing_name_and_desc"
"TheDescent-cave-assets","Config\items.xml","item","fossilCollection","True","True","fossilCollectionDesc","missing_name_and_desc"
"TheDescent-cave-assets","Config\items.xml","item","geode01","True","True","geode01Desc","missing_name_and_desc"
"TheDescent-cave-assets","Config\items.xml","item","geode02","True","True","geode02Desc","missing_name_and_desc"
"TheDescent-cave-assets","Config\items.xml","item","geode03","True","True","geode03Desc","missing_name_and_desc"
"TheDescent-cave-assets","Config\items.xml","item","geode04","True","True","geode04Desc","missing_name_and_desc"
"TheDescent-cave-assets","Config\items.xml","item","geode05","True","True","geode05Desc","missing_name_and_desc"
"TheDescent-cave-assets","Config\items.xml","item","jewel01","True","True","jewel01Desc","missing_name_and_desc"
"TheDescent-cave-assets","Config\items.xml","item","jewel02","True","True","jewel02Desc","missing_name_and_desc"
"TheDescent-cave-assets","Config\items.xml","item","jewel03","True","True","jewel03Desc","missing_name_and_desc"
"TheDescent-cave-assets","Config\items.xml","item","jewel04","True","True","jewel04Desc","missing_name_and_desc"
"TheDescent-cave-assets","Config\items.xml","item","jewel05","True","True","jewel05Desc","missing_name_and_desc"
"TheDescent-cave-assets","Config\items.xml","item","nugget01","False","True","nugget01Desc","missing_desc_only"
"TheDescent-cave-assets","Config\items.xml","item","nugget02","False","True","nugget02Desc","missing_desc_only"
"TheDescent-cave-assets","Config\items.xml","item","nugget03","False","True","nugget03Desc","missing_desc_only"
"TheDescent-cave-assets","Config\items.xml","item","nugget04","False","True","nugget04Desc","missing_desc_only"
"TheDescent-cave-assets","Config\items.xml","item","nugget05","False","True","nugget05Desc","missing_desc_only"
"TheDescent-cave-assets","Config\items.xml","item","oldMedal01","True","True","oldMedal01Desc","missing_name_and_desc"
"TheDescent-cave-assets","Config\items.xml","item","oldMedal02","True","True","oldMedal02Desc","missing_name_and_desc"
"TheDescent-cave-assets","Config\items.xml","item","oldMedal03","True","True","oldMedal03Desc","missing_name_and_desc"
"TheDescent-cave-assets","Config\items.xml","item","oldMedal04","True","True","oldMedal04Desc","missing_name_and_desc"
"TheDescent-cave-assets","Config\items.xml","item","oldMedal05","True","True","oldMedal05Desc","missing_name_and_desc"
"TheDescent-cave-assets","Config\items.xml","item","oldMedalCollection","True","True","oldMedalCollectionDesc","missing_name_and_desc"
"TheDescent-cave-assets","Config\items.xml","item","pirateTreasure01","True","True","pirateTreasure01Desc","missing_name_and_desc"
"TheDescent-cave-assets","Config\items.xml","item","pirateTreasure02","True","True","pirateTreasure02Desc","missing_name_and_desc"
"TheDescent-cave-assets","Config\items.xml","item","pirateTreasure03","True","True","pirateTreasure03Desc","missing_name_and_desc"
"TheDescent-cave-assets","Config\items.xml","item","pirateTreasure04","True","True","pirateTreasure04Desc","missing_name_and_desc"
"TheDescent-cave-assets","Config\items.xml","item","pirateTreasure05","True","True","pirateTreasure05Desc","missing_name_and_desc"
"TheDescent-cave-assets","Config\items.xml","item","pirateTreasureCollection","True","True","pirateTreasureCollectionDesc","missing_name_and_desc"
"TheDescent-cave-assets","Config\items.xml","item","rawCrystal01","False","True","rawCrystal01Desc","missing_desc_only"
"TheDescent-cave-assets","Config\items.xml","item","rawCrystal02","False","True","rawCrystal02Desc","missing_desc_only"
"TheDescent-cave-assets","Config\items.xml","item","rawCrystal03","False","True","rawCrystal03Desc","missing_desc_only"
"TheDescent-cave-assets","Config\items.xml","item","rawCrystal04","False","True","rawCrystal04Desc","missing_desc_only"
"TheDescent-cave-assets","Config\items.xml","item","rawCrystal05","False","True","rawCrystal05Desc","missing_desc_only"
"TheDescent-cave-assets","Config\items.xml","item","resourceHumanSkull","True","True","resourceHumanSkullDesc","missing_name_and_desc"
"TheDescent-cave-assets","Config\items.xml","item","roadFlare","True","True","roadFlareDesc","missing_name_and_desc"
"zzz_REBIRTH__Core","Config\blocks.xml","block","BicycleWheel_FR","True","False","","missing_name"
"zzz_REBIRTH__Core","Config\blocks.xml","block","burningBarrel","True","False","","missing_name"
"zzz_REBIRTH__Core","Config\blocks.xml","block","carRespawner_FR","True","False","","missing_name"
"zzz_REBIRTH__Core","Config\blocks.xml","block","carsRandomHelperBiome","True","False","","missing_name"
"zzz_REBIRTH__Core","Config\blocks.xml","block","carsRandomHelperDesert","True","False","","missing_name"
"zzz_REBIRTH__Core","Config\blocks.xml","block","carsRandomHelperSnow","True","False","","missing_name"
"zzz_REBIRTH__Core","Config\blocks.xml","block","carsRandomHelperWasteland","True","False","","missing_name"
"zzz_REBIRTH__Core","Config\blocks.xml","block","CarWheel_FR","True","False","","missing_name"
"zzz_REBIRTH__Core","Config\blocks.xml","block","cntBarrelGasOld","True","False","","missing_name"
"zzz_REBIRTH__Core","Config\blocks.xml","block","cntBarrelGasQuadA","True","False","","missing_name"
"zzz_REBIRTH__Core","Config\blocks.xml","block","cntBarrelGasQuadB","True","False","","missing_name"
"zzz_REBIRTH__Core","Config\blocks.xml","block","cntBarrelGasSingle00","True","False","","missing_name"
"zzz_REBIRTH__Core","Config\blocks.xml","block","cntBarrelGasSingle45","True","False","","missing_name"
"zzz_REBIRTH__Core","Config\blocks.xml","block","cntBarrelPlasticQuadA","True","False","","missing_name"
"zzz_REBIRTH__Core","Config\blocks.xml","block","cntBarrelPlasticQuadB","True","False","","missing_name"
"zzz_REBIRTH__Core","Config\blocks.xml","block","cntBarrelPlasticSingle00","True","False","","missing_name"
"zzz_REBIRTH__Core","Config\blocks.xml","block","cntBarrelPlasticSingle45","True","False","","missing_name"
"zzz_REBIRTH__Core","Config\blocks.xml","block","cntCar03SedanRepairMaster0","True","False","","missing_name"
"zzz_REBIRTH__Core","Config\blocks.xml","block","cntCollapsedWorkbenchEmpty","True","False","","missing_name"
"zzz_REBIRTH__Core","Config\blocks.xml","block","cntQuestInfestedSecure","True","False","","missing_name"
"zzz_REBIRTH__Core","Config\blocks.xml","block","EnvironmentBlockMaster","True","False","","missing_name"
"zzz_REBIRTH__Core","Config\blocks.xml","block","FuriousRamsayAir","True","False","","missing_name"
"zzz_REBIRTH__Core","Config\blocks.xml","block","FuriousRamsayAnimalChickenBaseSpawn","True","False","","missing_name"
"zzz_REBIRTH__Core","Config\blocks.xml","block","FuriousRamsayBirdNestLootHelper","True","False","","missing_name"
"zzz_REBIRTH__Core","Config\blocks.xml","block","FuriousRamsayChickenCoopBase","True","False","","missing_name"
"zzz_REBIRTH__Core","Config\blocks.xml","block","FuriousRamsayExplodingBlock","True","False","","missing_name"
"zzz_REBIRTH__Core","Config\blocks.xml","block","FuriousRamsayScreamerSignalMaster","True","False","","missing_name"
"zzz_REBIRTH__Core","Config\blocks.xml","block","FuriousRamsaySpawnCubeSkeleton1_FR_PickedUp","True","False","","missing_name"
"zzz_REBIRTH__Core","Config\blocks.xml","block","FuriousRamsaySpawnCubeSkeleton2_FR_PickedUp","True","False","","missing_name"
"zzz_REBIRTH__Core","Config\blocks.xml","block","FuriousRamsaySpawnCubeSkeleton3_FR_PickedUp","True","False","","missing_name"
"zzz_REBIRTH__Core","Config\blocks.xml","block","FuriousRamsaySpawnCubeSkeleton4_FR_PickedUp","True","False","","missing_name"
"zzz_REBIRTH__Core","Config\blocks.xml","block","FuriousRamsaySpawnCubeSkeleton5_FR_PickedUp","True","False","","missing_name"
"zzz_REBIRTH__Core","Config\blocks.xml","block","FuriousRamsaySpawnCubeZombie007_FR_PickedUp","True","False","","missing_name"
"zzz_REBIRTH__Core","Config\blocks.xml","block","FuriousRamsayStump001","True","False","","missing_name"
"zzz_REBIRTH__Core","Config\blocks.xml","block","FuriousRamsayStump002","True","False","","missing_name"
"zzz_REBIRTH__Core","Config\blocks.xml","block","FuriousRamsayStump003","True","False","","missing_name"
"zzz_REBIRTH__Core","Config\blocks.xml","block","FuriousRamsayStumpHelper","True","False","","missing_name"
"zzz_REBIRTH__Core","Config\blocks.xml","block","GyroWheel_FR","True","False","","missing_name"
"zzz_REBIRTH__Core","Config\blocks.xml","block","HeavyWheel_FR","True","False","","missing_name"
"zzz_REBIRTH__Core","Config\blocks.xml","block","lanternDecorLightAir","True","False","","missing_name"
"zzz_REBIRTH__Core","Config\blocks.xml","block","MilitaryTruckWheel_FR","True","False","","missing_name"
"zzz_REBIRTH__Core","Config\blocks.xml","block","MinibikeWheel_FR","True","False","","missing_name"
"zzz_REBIRTH__Core","Config\blocks.xml","block","MotorcycleWheel_FR","True","False","","missing_name"
"zzz_REBIRTH__Core","Config\blocks.xml","block","RebirthFeatures","True","False","","missing_name"
"zzz_REBIRTH__Core","Config\blocks.xml","block","ResistantConcreteShapes","True","False","","missing_name"
"zzz_REBIRTH__Core","Config\blocks.xml","block","SM_AC_Rock_001-cliff","True","False","","missing_name"
"zzz_REBIRTH__Core","Config\blocks.xml","block","SM_AC_Rock_001-cliff-1","True","False","","missing_name"
"zzz_REBIRTH__Core","Config\blocks.xml","block","SM_AC_Rock_001-cliff-2","True","False","","missing_name"
"zzz_REBIRTH__Core","Config\blocks.xml","block","SM_AC_Rock_001-cliff-3","True","False","","missing_name"
"zzz_REBIRTH__Core","Config\blocks.xml","block","SM_AC_Rock_001-cliff-4","True","False","","missing_name"
"zzz_REBIRTH__Core","Config\blocks.xml","block","SM_AC_Rock_001-cliff-5","True","False","","missing_name"
"zzz_REBIRTH__Core","Config\blocks.xml","block","SM_AC_Rock_001-dirt","True","False","","missing_name"
"zzz_REBIRTH__Core","Config\blocks.xml","block","SM_AC_Rock_001-dirt-1","True","False","","missing_name"
"zzz_REBIRTH__Core","Config\blocks.xml","block","SM_AC_Rock_001-dirt-2","True","False","","missing_name"
"zzz_REBIRTH__Core","Config\blocks.xml","block","SM_AC_Rock_001-dirt-3","True","False","","missing_name"
"zzz_REBIRTH__Core","Config\blocks.xml","block","SM_AC_Rock_001-dirt-4","True","False","","missing_name"
"zzz_REBIRTH__Core","Config\blocks.xml","block","SM_AC_Rock_001-dirt-5","True","False","","missing_name"
"zzz_REBIRTH__Core","Config\blocks.xml","block","SM_AC_Rock_001-faceted","True","False","","missing_name"
"zzz_REBIRTH__Core","Config\blocks.xml","block","SM_AC_Rock_001-faceted-1","True","False","","missing_name"
"zzz_REBIRTH__Core","Config\blocks.xml","block","SM_AC_Rock_001-faceted-2","True","False","","missing_name"
"zzz_REBIRTH__Core","Config\blocks.xml","block","SM_AC_Rock_001-faceted-3","True","False","","missing_name"
"zzz_REBIRTH__Core","Config\blocks.xml","block","SM_AC_Rock_001-faceted-4","True","False","","missing_name"
"zzz_REBIRTH__Core","Config\blocks.xml","block","SM_AC_Rock_001-faceted-5","True","False","","missing_name"
"zzz_REBIRTH__Core","Config\blocks.xml","block","SM_AC_Rock_001-ice","True","False","","missing_name"
"zzz_REBIRTH__Core","Config\blocks.xml","block","SM_AC_Rock_001-ice-1","True","False","","missing_name"
"zzz_REBIRTH__Core","Config\blocks.xml","block","SM_AC_Rock_001-ice-2","True","False","","missing_name"
"zzz_REBIRTH__Core","Config\blocks.xml","block","SM_AC_Rock_001-ice-3","True","False","","missing_name"
"zzz_REBIRTH__Core","Config\blocks.xml","block","SM_AC_Rock_001-ice-4","True","False","","missing_name"
"zzz_REBIRTH__Core","Config\blocks.xml","block","SM_AC_Rock_001-ice-5","True","False","","missing_name"
"zzz_REBIRTH__Core","Config\blocks.xml","block","SM_AC_Rock_001-mountain","True","False","","missing_name"
"zzz_REBIRTH__Core","Config\blocks.xml","block","SM_AC_Rock_001-mountain-1","True","False","","missing_name"
"zzz_REBIRTH__Core","Config\blocks.xml","block","SM_AC_Rock_001-mountain-2","True","False","","missing_name"
"zzz_REBIRTH__Core","Config\blocks.xml","block","SM_AC_Rock_001-mountain-3","True","False","","missing_name"
"zzz_REBIRTH__Core","Config\blocks.xml","block","SM_AC_Rock_001-mountain-4","True","False","","missing_name"
"zzz_REBIRTH__Core","Config\blocks.xml","block","SM_AC_Rock_001-mountain-5","True","False","","missing_name"
"zzz_REBIRTH__Core","Config\blocks.xml","block","SM_AC_Rock_001-soil","True","False","","missing_name"
"zzz_REBIRTH__Core","Config\blocks.xml","block","SM_AC_Rock_001-soil-1","True","False","","missing_name"
"zzz_REBIRTH__Core","Config\blocks.xml","block","SM_AC_Rock_001-soil-2","True","False","","missing_name"
"zzz_REBIRTH__Core","Config\blocks.xml","block","SM_AC_Rock_001-soil-3","True","False","","missing_name"
"zzz_REBIRTH__Core","Config\blocks.xml","block","SM_AC_Rock_001-soil-4","True","False","","missing_name"
"zzz_REBIRTH__Core","Config\blocks.xml","block","SM_AC_Rock_001-soil-5","True","False","","missing_name"
"zzz_REBIRTH__Core","Config\blocks.xml","block","SM_AC_Rock_002-cliff","True","False","","missing_name"
"zzz_REBIRTH__Core","Config\blocks.xml","block","SM_AC_Rock_002-cliff-1","True","False","","missing_name"
"zzz_REBIRTH__Core","Config\blocks.xml","block","SM_AC_Rock_002-cliff-2","True","False","","missing_name"
"zzz_REBIRTH__Core","Config\blocks.xml","block","SM_AC_Rock_002-cliff-3","True","False","","missing_name"
"zzz_REBIRTH__Core","Config\blocks.xml","block","SM_AC_Rock_002-cliff-4","True","False","","missing_name"
"zzz_REBIRTH__Core","Config\blocks.xml","block","SM_AC_Rock_002-cliff-5","True","False","","missing_name"
"zzz_REBIRTH__Core","Config\blocks.xml","block","SM_AC_Rock_002-dirt","True","False","","missing_name"
"zzz_REBIRTH__Core","Config\blocks.xml","block","SM_AC_Rock_002-dirt-1","True","False","","missing_name"
"zzz_REBIRTH__Core","Config\blocks.xml","block","SM_AC_Rock_002-dirt-2","True","False","","missing_name"
"zzz_REBIRTH__Core","Config\blocks.xml","block","SM_AC_Rock_002-dirt-3","True","False","","missing_name"
"zzz_REBIRTH__Core","Config\blocks.xml","block","SM_AC_Rock_002-dirt-4","True","False","","missing_name"
"zzz_REBIRTH__Core","Config\blocks.xml","block","SM_AC_Rock_002-dirt-5","True","False","","missing_name"
"zzz_REBIRTH__Core","Config\blocks.xml","block","SM_AC_Rock_002-faceted","True","False","","missing_name"
"zzz_REBIRTH__Core","Config\blocks.xml","block","SM_AC_Rock_002-faceted-1","True","False","","missing_name"
"zzz_REBIRTH__Core","Config\blocks.xml","block","SM_AC_Rock_002-faceted-2","True","False","","missing_name"
"zzz_REBIRTH__Core","Config\blocks.xml","block","SM_AC_Rock_002-faceted-3","True","False","","missing_name"
"zzz_REBIRTH__Core","Config\blocks.xml","block","SM_AC_Rock_002-faceted-4","True","False","","missing_name"
"zzz_REBIRTH__Core","Config\blocks.xml","block","SM_AC_Rock_002-faceted-5","True","False","","missing_name"
"zzz_REBIRTH__Core","Config\blocks.xml","block","SM_AC_Rock_002-ice","True","False","","missing_name"
"zzz_REBIRTH__Core","Config\blocks.xml","block","SM_AC_Rock_002-ice-1","True","False","","missing_name"
"zzz_REBIRTH__Core","Config\blocks.xml","block","SM_AC_Rock_002-ice-2","True","False","","missing_name"
"zzz_REBIRTH__Core","Config\blocks.xml","block","SM_AC_Rock_002-ice-3","True","False","","missing_name"
"zzz_REBIRTH__Core","Config\blocks.xml","block","SM_AC_Rock_002-ice-4","True","False","","missing_name"
"zzz_REBIRTH__Core","Config\blocks.xml","block","SM_AC_Rock_002-ice-5","True","False","","missing_name"
"zzz_REBIRTH__Core","Config\blocks.xml","block","SM_AC_Rock_002-mountain","True","False","","missing_name"
"zzz_REBIRTH__Core","Config\blocks.xml","block","SM_AC_Rock_002-mountain-1","True","False","","missing_name"
"zzz_REBIRTH__Core","Config\blocks.xml","block","SM_AC_Rock_002-mountain-2","True","False","","missing_name"
"zzz_REBIRTH__Core","Config\blocks.xml","block","SM_AC_Rock_002-mountain-3","True","False","","missing_name"
"zzz_REBIRTH__Core","Config\blocks.xml","block","SM_AC_Rock_002-mountain-4","True","False","","missing_name"
"zzz_REBIRTH__Core","Config\blocks.xml","block","SM_AC_Rock_002-mountain-5","True","False","","missing_name"
"zzz_REBIRTH__Core","Config\blocks.xml","block","SM_AC_Rock_002-soil","True","False","","missing_name"
"zzz_REBIRTH__Core","Config\blocks.xml","block","SM_AC_Rock_002-soil-1","True","False","","missing_name"
"zzz_REBIRTH__Core","Config\blocks.xml","block","SM_AC_Rock_002-soil-2","True","False","","missing_name"
"zzz_REBIRTH__Core","Config\blocks.xml","block","SM_AC_Rock_002-soil-3","True","False","","missing_name"
"zzz_REBIRTH__Core","Config\blocks.xml","block","SM_AC_Rock_002-soil-4","True","False","","missing_name"
"zzz_REBIRTH__Core","Config\blocks.xml","block","SM_AC_Rock_002-soil-5","True","False","","missing_name"
"zzz_REBIRTH__Core","Config\blocks.xml","block","SM_AC_Rock_005-cliff","True","False","","missing_name"
"zzz_REBIRTH__Core","Config\blocks.xml","block","SM_AC_Rock_005-cliff-1","True","False","","missing_name"
"zzz_REBIRTH__Core","Config\blocks.xml","block","SM_AC_Rock_005-cliff-2","True","False","","missing_name"
"zzz_REBIRTH__Core","Config\blocks.xml","block","SM_AC_Rock_005-cliff-3","True","False","","missing_name"
"zzz_REBIRTH__Core","Config\blocks.xml","block","SM_AC_Rock_005-cliff-4","True","False","","missing_name"
"zzz_REBIRTH__Core","Config\blocks.xml","block","SM_AC_Rock_005-cliff-5","True","False","","missing_name"
"zzz_REBIRTH__Core","Config\blocks.xml","block","SM_AC_Rock_005-dirt","True","False","","missing_name"
"zzz_REBIRTH__Core","Config\blocks.xml","block","SM_AC_Rock_005-dirt-1","True","False","","missing_name"
"zzz_REBIRTH__Core","Config\blocks.xml","block","SM_AC_Rock_005-dirt-2","True","False","","missing_name"
"zzz_REBIRTH__Core","Config\blocks.xml","block","SM_AC_Rock_005-dirt-3","True","False","","missing_name"
"zzz_REBIRTH__Core","Config\blocks.xml","block","SM_AC_Rock_005-dirt-4","True","False","","missing_name"
"zzz_REBIRTH__Core","Config\blocks.xml","block","SM_AC_Rock_005-dirt-5","True","False","","missing_name"
"zzz_REBIRTH__Core","Config\blocks.xml","block","SM_AC_Rock_005-faceted","True","False","","missing_name"
"zzz_REBIRTH__Core","Config\blocks.xml","block","SM_AC_Rock_005-faceted-1","True","False","","missing_name"
"zzz_REBIRTH__Core","Config\blocks.xml","block","SM_AC_Rock_005-faceted-2","True","False","","missing_name"
"zzz_REBIRTH__Core","Config\blocks.xml","block","SM_AC_Rock_005-faceted-3","True","False","","missing_name"
"zzz_REBIRTH__Core","Config\blocks.xml","block","SM_AC_Rock_005-faceted-4","True","False","","missing_name"
"zzz_REBIRTH__Core","Config\blocks.xml","block","SM_AC_Rock_005-faceted-5","True","False","","missing_name"
"zzz_REBIRTH__Core","Config\blocks.xml","block","SM_AC_Rock_005-ice","True","False","","missing_name"
"zzz_REBIRTH__Core","Config\blocks.xml","block","SM_AC_Rock_005-ice-1","True","False","","missing_name"
"zzz_REBIRTH__Core","Config\blocks.xml","block","SM_AC_Rock_005-ice-2","True","False","","missing_name"
"zzz_REBIRTH__Core","Config\blocks.xml","block","SM_AC_Rock_005-ice-3","True","False","","missing_name"
"zzz_REBIRTH__Core","Config\blocks.xml","block","SM_AC_Rock_005-ice-4","True","False","","missing_name"
"zzz_REBIRTH__Core","Config\blocks.xml","block","SM_AC_Rock_005-ice-5","True","False","","missing_name"
"zzz_REBIRTH__Core","Config\blocks.xml","block","SM_AC_Rock_005-mountain","True","False","","missing_name"
"zzz_REBIRTH__Core","Config\blocks.xml","block","SM_AC_Rock_005-mountain-1","True","False","","missing_name"
"zzz_REBIRTH__Core","Config\blocks.xml","block","SM_AC_Rock_005-mountain-2","True","False","","missing_name"
"zzz_REBIRTH__Core","Config\blocks.xml","block","SM_AC_Rock_005-mountain-3","True","False","","missing_name"
"zzz_REBIRTH__Core","Config\blocks.xml","block","SM_AC_Rock_005-mountain-4","True","False","","missing_name"
"zzz_REBIRTH__Core","Config\blocks.xml","block","SM_AC_Rock_005-mountain-5","True","False","","missing_name"
"zzz_REBIRTH__Core","Config\blocks.xml","block","SM_AC_Rock_005-soil","True","False","","missing_name"
"zzz_REBIRTH__Core","Config\blocks.xml","block","SM_AC_Rock_005-soil-1","True","False","","missing_name"
"zzz_REBIRTH__Core","Config\blocks.xml","block","SM_AC_Rock_005-soil-2","True","False","","missing_name"
"zzz_REBIRTH__Core","Config\blocks.xml","block","SM_AC_Rock_005-soil-3","True","False","","missing_name"
"zzz_REBIRTH__Core","Config\blocks.xml","block","SM_AC_Rock_005-soil-4","True","False","","missing_name"
"zzz_REBIRTH__Core","Config\blocks.xml","block","SM_AC_Rock_005-soil-5","True","False","","missing_name"
"zzz_REBIRTH__Core","Config\blocks.xml","block","SM_AC_Rock_011-cliff","True","False","","missing_name"
"zzz_REBIRTH__Core","Config\blocks.xml","block","SM_AC_Rock_011-cliff-1","True","False","","missing_name"
"zzz_REBIRTH__Core","Config\blocks.xml","block","SM_AC_Rock_011-cliff-2","True","False","","missing_name"
"zzz_REBIRTH__Core","Config\blocks.xml","block","SM_AC_Rock_011-cliff-3","True","False","","missing_name"
"zzz_REBIRTH__Core","Config\blocks.xml","block","SM_AC_Rock_011-cliff-4","True","False","","missing_name"
"zzz_REBIRTH__Core","Config\blocks.xml","block","SM_AC_Rock_011-cliff-5","True","False","","missing_name"
"zzz_REBIRTH__Core","Config\blocks.xml","block","SM_AC_Rock_011-dirt","True","False","","missing_name"
"zzz_REBIRTH__Core","Config\blocks.xml","block","SM_AC_Rock_011-dirt-1","True","False","","missing_name"
"zzz_REBIRTH__Core","Config\blocks.xml","block","SM_AC_Rock_011-dirt-2","True","False","","missing_name"
"zzz_REBIRTH__Core","Config\blocks.xml","block","SM_AC_Rock_011-dirt-3","True","False","","missing_name"
"zzz_REBIRTH__Core","Config\blocks.xml","block","SM_AC_Rock_011-dirt-4","True","False","","missing_name"
"zzz_REBIRTH__Core","Config\blocks.xml","block","SM_AC_Rock_011-dirt-5","True","False","","missing_name"
"zzz_REBIRTH__Core","Config\blocks.xml","block","SM_AC_Rock_011-faceted","True","False","","missing_name"
"zzz_REBIRTH__Core","Config\blocks.xml","block","SM_AC_Rock_011-faceted-1","True","False","","missing_name"
"zzz_REBIRTH__Core","Config\blocks.xml","block","SM_AC_Rock_011-faceted-2","True","False","","missing_name"
"zzz_REBIRTH__Core","Config\blocks.xml","block","SM_AC_Rock_011-faceted-3","True","False","","missing_name"
"zzz_REBIRTH__Core","Config\blocks.xml","block","SM_AC_Rock_011-faceted-4","True","False","","missing_name"
"zzz_REBIRTH__Core","Config\blocks.xml","block","SM_AC_Rock_011-faceted-5","True","False","","missing_name"
"zzz_REBIRTH__Core","Config\blocks.xml","block","SM_AC_Rock_011-ice","True","False","","missing_name"
"zzz_REBIRTH__Core","Config\blocks.xml","block","SM_AC_Rock_011-ice-1","True","False","","missing_name"
"zzz_REBIRTH__Core","Config\blocks.xml","block","SM_AC_Rock_011-ice-2","True","False","","missing_name"
"zzz_REBIRTH__Core","Config\blocks.xml","block","SM_AC_Rock_011-ice-3","True","False","","missing_name"
"zzz_REBIRTH__Core","Config\blocks.xml","block","SM_AC_Rock_011-ice-4","True","False","","missing_name"
"zzz_REBIRTH__Core","Config\blocks.xml","block","SM_AC_Rock_011-ice-5","True","False","","missing_name"
"zzz_REBIRTH__Core","Config\blocks.xml","block","SM_AC_Rock_011-mountain","True","False","","missing_name"
"zzz_REBIRTH__Core","Config\blocks.xml","block","SM_AC_Rock_011-mountain-1","True","False","","missing_name"
"zzz_REBIRTH__Core","Config\blocks.xml","block","SM_AC_Rock_011-mountain-2","True","False","","missing_name"
"zzz_REBIRTH__Core","Config\blocks.xml","block","SM_AC_Rock_011-mountain-3","True","False","","missing_name"
"zzz_REBIRTH__Core","Config\blocks.xml","block","SM_AC_Rock_011-mountain-4","True","False","","missing_name"
"zzz_REBIRTH__Core","Config\blocks.xml","block","SM_AC_Rock_011-mountain-5","True","False","","missing_name"
"zzz_REBIRTH__Core","Config\blocks.xml","block","SM_AC_Rock_011-soil","True","False","","missing_name"
"zzz_REBIRTH__Core","Config\blocks.xml","block","SM_AC_Rock_011-soil-1","True","False","","missing_name"
"zzz_REBIRTH__Core","Config\blocks.xml","block","SM_AC_Rock_011-soil-2","True","False","","missing_name"
"zzz_REBIRTH__Core","Config\blocks.xml","block","SM_AC_Rock_011-soil-3","True","False","","missing_name"
"zzz_REBIRTH__Core","Config\blocks.xml","block","SM_AC_Rock_011-soil-4","True","False","","missing_name"
"zzz_REBIRTH__Core","Config\blocks.xml","block","SM_AC_Rock_011-soil-5","True","False","","missing_name"
"zzz_REBIRTH__Core","Config\blocks.xml","block","SM_AC_Rock_045-cliff","True","False","","missing_name"
"zzz_REBIRTH__Core","Config\blocks.xml","block","SM_AC_Rock_045-cliff-1","True","False","","missing_name"
"zzz_REBIRTH__Core","Config\blocks.xml","block","SM_AC_Rock_045-cliff-2","True","False","","missing_name"
"zzz_REBIRTH__Core","Config\blocks.xml","block","SM_AC_Rock_045-cliff-3","True","False","","missing_name"
"zzz_REBIRTH__Core","Config\blocks.xml","block","SM_AC_Rock_045-cliff-4","True","False","","missing_name"
"zzz_REBIRTH__Core","Config\blocks.xml","block","SM_AC_Rock_045-cliff-5","True","False","","missing_name"
"zzz_REBIRTH__Core","Config\blocks.xml","block","SM_AC_Rock_045-dirt","True","False","","missing_name"
"zzz_REBIRTH__Core","Config\blocks.xml","block","SM_AC_Rock_045-dirt-1","True","False","","missing_name"
"zzz_REBIRTH__Core","Config\blocks.xml","block","SM_AC_Rock_045-dirt-2","True","False","","missing_name"
"zzz_REBIRTH__Core","Config\blocks.xml","block","SM_AC_Rock_045-dirt-3","True","False","","missing_name"
"zzz_REBIRTH__Core","Config\blocks.xml","block","SM_AC_Rock_045-dirt-4","True","False","","missing_name"
"zzz_REBIRTH__Core","Config\blocks.xml","block","SM_AC_Rock_045-dirt-5","True","False","","missing_name"
"zzz_REBIRTH__Core","Config\blocks.xml","block","SM_AC_Rock_045-faceted","True","False","","missing_name"
"zzz_REBIRTH__Core","Config\blocks.xml","block","SM_AC_Rock_045-faceted-1","True","False","","missing_name"
"zzz_REBIRTH__Core","Config\blocks.xml","block","SM_AC_Rock_045-faceted-2","True","False","","missing_name"
"zzz_REBIRTH__Core","Config\blocks.xml","block","SM_AC_Rock_045-faceted-3","True","False","","missing_name"
"zzz_REBIRTH__Core","Config\blocks.xml","block","SM_AC_Rock_045-faceted-4","True","False","","missing_name"
"zzz_REBIRTH__Core","Config\blocks.xml","block","SM_AC_Rock_045-faceted-5","True","False","","missing_name"
"zzz_REBIRTH__Core","Config\blocks.xml","block","SM_AC_Rock_045-ice","True","False","","missing_name"
"zzz_REBIRTH__Core","Config\blocks.xml","block","SM_AC_Rock_045-ice-1","True","False","","missing_name"
"zzz_REBIRTH__Core","Config\blocks.xml","block","SM_AC_Rock_045-ice-2","True","False","","missing_name"
"zzz_REBIRTH__Core","Config\blocks.xml","block","SM_AC_Rock_045-ice-3","True","False","","missing_name"
"zzz_REBIRTH__Core","Config\blocks.xml","block","SM_AC_Rock_045-ice-4","True","False","","missing_name"
"zzz_REBIRTH__Core","Config\blocks.xml","block","SM_AC_Rock_045-ice-5","True","False","","missing_name"
"zzz_REBIRTH__Core","Config\blocks.xml","block","SM_AC_Rock_045-mountain","True","False","","missing_name"
"zzz_REBIRTH__Core","Config\blocks.xml","block","SM_AC_Rock_045-mountain-1","True","False","","missing_name"
"zzz_REBIRTH__Core","Config\blocks.xml","block","SM_AC_Rock_045-mountain-2","True","False","","missing_name"
"zzz_REBIRTH__Core","Config\blocks.xml","block","SM_AC_Rock_045-mountain-3","True","False","","missing_name"
"zzz_REBIRTH__Core","Config\blocks.xml","block","SM_AC_Rock_045-mountain-4","True","False","","missing_name"
"zzz_REBIRTH__Core","Config\blocks.xml","block","SM_AC_Rock_045-mountain-5","True","False","","missing_name"
"zzz_REBIRTH__Core","Config\blocks.xml","block","SM_AC_Rock_045-soil","True","False","","missing_name"
"zzz_REBIRTH__Core","Config\blocks.xml","block","SM_AC_Rock_045-soil-1","True","False","","missing_name"
"zzz_REBIRTH__Core","Config\blocks.xml","block","SM_AC_Rock_045-soil-2","True","False","","missing_name"
"zzz_REBIRTH__Core","Config\blocks.xml","block","SM_AC_Rock_045-soil-3","True","False","","missing_name"
"zzz_REBIRTH__Core","Config\blocks.xml","block","SM_AC_Rock_045-soil-4","True","False","","missing_name"
"zzz_REBIRTH__Core","Config\blocks.xml","block","SM_AC_Rock_045-soil-5","True","False","","missing_name"
"zzz_REBIRTH__Core","Config\blocks.xml","block","SM_AC_Rock_Template","True","False","","missing_name"
"zzz_REBIRTH__Core","Config\blocks.xml","block","Smoke_FR","True","False","","missing_name"
"zzz_REBIRTH__Core","Config\blocks.xml","block","SpawnCubeRebirth","True","False","","missing_name"
"zzz_REBIRTH__Core","Config\blocks.xml","block","spawnCustomTraderRebirth","True","False","","missing_name"
"zzz_REBIRTH__Core","Config\blocks.xml","block","spawnMercenaryTraderRebirth","True","False","","missing_name"
"zzz_REBIRTH__Core","Config\blocks.xml","block","spawnPlayerRebirth","True","False","","missing_name"
"zzz_REBIRTH__Core","Config\blocks.xml","block","spawnTraderRebirth","True","False","","missing_name"
"zzz_REBIRTH__Core","Config\blocks.xml","block","TruckWheel_FR","True","False","","missing_name"
"zzz_REBIRTH__Core","Config\buffs.xml","buff","AddPlayerStarterItems","True","False","","missing_name"
"zzz_REBIRTH__Core","Config\buffs.xml","buff","AdjustNPCStats","True","False","","missing_name"
"zzz_REBIRTH__Core","Config\buffs.xml","buff","BiomeProtection_burnt_forest","True","False","","missing_name"
"zzz_REBIRTH__Core","Config\buffs.xml","buff","BiomeProtection_desert","True","False","","missing_name"
"zzz_REBIRTH__Core","Config\buffs.xml","buff","BiomeProtection_snow","True","False","","missing_name"
"zzz_REBIRTH__Core","Config\buffs.xml","buff","BiomeProtection_wasteland","True","False","","missing_name"
"zzz_REBIRTH__Core","Config\buffs.xml","buff","buffAnimalTracker","True","False","","missing_name"
"zzz_REBIRTH__Core","Config\buffs.xml","buff","buffAnimalTrackerAcquired","True","False","","missing_name"
"zzz_REBIRTH__Core","Config\buffs.xml","buff","buffBedrollAOEEffect","True","False","","missing_name"
"zzz_REBIRTH__Core","Config\buffs.xml","buff","buffBurningMolotov","True","False","","missing_name"
"zzz_REBIRTH__Core","Config\buffs.xml","buff","buffBurntProtectionRun","True","False","","missing_name"
"zzz_REBIRTH__Core","Config\buffs.xml","buff","buffBurntStormAttackSpeed","True","False","","missing_name"
"zzz_REBIRTH__Core","Config\buffs.xml","buff","buffBurntStormFuel","True","False","","missing_name"
"zzz_REBIRTH__Core","Config\buffs.xml","buff","buffBurntStormMobility","True","False","","missing_name"
"zzz_REBIRTH__Core","Config\buffs.xml","buff","buffBurntStormReloadSpeed","True","False","","missing_name"
"zzz_REBIRTH__Core","Config\buffs.xml","buff","buffBurntStormStamina","True","False","","missing_name"
"zzz_REBIRTH__Core","Config\buffs.xml","buff","buffBurntStormXAttackSpeed","True","False","","missing_name"
"zzz_REBIRTH__Core","Config\buffs.xml","buff","buffBurntStormXFuel","True","False","","missing_name"
"zzz_REBIRTH__Core","Config\buffs.xml","buff","buffBurntStormXMobility","True","False","","missing_name"
"zzz_REBIRTH__Core","Config\buffs.xml","buff","buffBurntStormXReloadSpeed","True","False","","missing_name"
"zzz_REBIRTH__Core","Config\buffs.xml","buff","buffBurntStormXStamina","True","False","","missing_name"
"zzz_REBIRTH__Core","Config\buffs.xml","buff","buffBurntStormYAttackSpeed","True","False","","missing_name"
"zzz_REBIRTH__Core","Config\buffs.xml","buff","buffBurntStormYFuel","True","False","","missing_name"
"zzz_REBIRTH__Core","Config\buffs.xml","buff","buffBurntStormYMobility","True","False","","missing_name"
"zzz_REBIRTH__Core","Config\buffs.xml","buff","buffBurntStormYReloadSpeed","True","False","","missing_name"
"zzz_REBIRTH__Core","Config\buffs.xml","buff","buffBurntStormYStamina","True","False","","missing_name"
"zzz_REBIRTH__Core","Config\buffs.xml","buff","buffBurst","True","False","","missing_name"
"zzz_REBIRTH__Core","Config\buffs.xml","buff","buffBurstDelay","True","False","","missing_name"
"zzz_REBIRTH__Core","Config\buffs.xml","buff","buffCampfireAOEEffect","True","False","","missing_name"
"zzz_REBIRTH__Core","Config\buffs.xml","buff","buffDamagedByExplosion","True","False","","missing_name"
"zzz_REBIRTH__Core","Config\buffs.xml","buff","buffDesertProtectionRun","True","False","","missing_name"
"zzz_REBIRTH__Core","Config\buffs.xml","buff","buffDesertStormAttackSpeed","True","False","","missing_name"
"zzz_REBIRTH__Core","Config\buffs.xml","buff","buffDesertStormFuel","True","False","","missing_name"
"zzz_REBIRTH__Core","Config\buffs.xml","buff","buffDesertStormMobility","True","False","","missing_name"
"zzz_REBIRTH__Core","Config\buffs.xml","buff","buffDesertStormReloadSpeed","True","False","","missing_name"
"zzz_REBIRTH__Core","Config\buffs.xml","buff","buffDesertStormStamina","True","False","","missing_name"
"zzz_REBIRTH__Core","Config\buffs.xml","buff","buffDesertStormXAttackSpeed","True","False","","missing_name"
"zzz_REBIRTH__Core","Config\buffs.xml","buff","buffDesertStormXFuel","True","False","","missing_name"
"zzz_REBIRTH__Core","Config\buffs.xml","buff","buffDesertStormXMobility","True","False","","missing_name"
"zzz_REBIRTH__Core","Config\buffs.xml","buff","buffDesertStormXReloadSpeed","True","False","","missing_name"
"zzz_REBIRTH__Core","Config\buffs.xml","buff","buffDesertStormXStamina","True","False","","missing_name"
"zzz_REBIRTH__Core","Config\buffs.xml","buff","buffDesertStormYAttackSpeed","True","False","","missing_name"
"zzz_REBIRTH__Core","Config\buffs.xml","buff","buffDesertStormYFuel","True","False","","missing_name"
"zzz_REBIRTH__Core","Config\buffs.xml","buff","buffDesertStormYMobility","True","False","","missing_name"
"zzz_REBIRTH__Core","Config\buffs.xml","buff","buffDesertStormYReloadSpeed","True","False","","missing_name"
"zzz_REBIRTH__Core","Config\buffs.xml","buff","buffDesertStormYStamina","True","False","","missing_name"
"zzz_REBIRTH__Core","Config\buffs.xml","buff","buffElementWet","True","False","","missing_name"
"zzz_REBIRTH__Core","Config\buffs.xml","buff","buffExtinguisher","True","False","","missing_name"
"zzz_REBIRTH__Core","Config\buffs.xml","buff","buffForest_Storm","True","False","","missing_name"
"zzz_REBIRTH__Core","Config\buffs.xml","buff","buffForestSmoothieRun","True","False","","missing_name"
"zzz_REBIRTH__Core","Config\buffs.xml","buff","buffForestStormAttackSpeed","True","False","","missing_name"
"zzz_REBIRTH__Core","Config\buffs.xml","buff","buffForestStormFuel","True","False","","missing_name"
"zzz_REBIRTH__Core","Config\buffs.xml","buff","buffForestStormMobility","True","False","","missing_name"
"zzz_REBIRTH__Core","Config\buffs.xml","buff","buffForestStormReloadSpeed","True","False","","missing_name"
"zzz_REBIRTH__Core","Config\buffs.xml","buff","buffForestStormStamina","True","False","","missing_name"
"zzz_REBIRTH__Core","Config\buffs.xml","buff","buffForestStormXAttackSpeed","True","False","","missing_name"
"zzz_REBIRTH__Core","Config\buffs.xml","buff","buffForestStormXFuel","True","False","","missing_name"
"zzz_REBIRTH__Core","Config\buffs.xml","buff","buffForestStormXMobility","True","False","","missing_name"
"zzz_REBIRTH__Core","Config\buffs.xml","buff","buffForestStormXReloadSpeed","True","False","","missing_name"
"zzz_REBIRTH__Core","Config\buffs.xml","buff","buffForestStormXStamina","True","False","","missing_name"
"zzz_REBIRTH__Core","Config\buffs.xml","buff","buffForestStormYAttackSpeed","True","False","","missing_name"
"zzz_REBIRTH__Core","Config\buffs.xml","buff","buffForestStormYFuel","True","False","","missing_name"
"zzz_REBIRTH__Core","Config\buffs.xml","buff","buffForestStormYMobility","True","False","","missing_name"
"zzz_REBIRTH__Core","Config\buffs.xml","buff","buffForestStormYReloadSpeed","True","False","","missing_name"
"zzz_REBIRTH__Core","Config\buffs.xml","buff","buffForestStormYStamina","True","False","","missing_name"
"zzz_REBIRTH__Core","Config\buffs.xml","buff","buffInfectionCatchRebirth-10","True","False","","missing_name"
"zzz_REBIRTH__Core","Config\buffs.xml","buff","buffInfectionCatchRebirth-25","True","False","","missing_name"
"zzz_REBIRTH__Core","Config\buffs.xml","buff","buffInfectionCatchRebirth-5","True","False","","missing_name"
"zzz_REBIRTH__Core","Config\buffs.xml","buff","buffKillNPC","True","False","","missing_name"
"zzz_REBIRTH__Core","Config\buffs.xml","buff","buffModBiomeDelay","True","False","","missing_name"
"zzz_REBIRTH__Core","Config\buffs.xml","buff","buffNPCModAttacked","True","False","","missing_name"
"zzz_REBIRTH__Core","Config\buffs.xml","buff","buffNPCModAttacking","True","False","","missing_name"
"zzz_REBIRTH__Core","Config\buffs.xml","buff","buffNPCModFullControlMode","True","False","","missing_name"
"zzz_REBIRTH__Core","Config\buffs.xml","buff","buffNPCModFullControlModeDisplay","True","False","","missing_name"
"zzz_REBIRTH__Core","Config\buffs.xml","buff","buffNPCModHaltDisplay","True","False","","missing_name"
"zzz_REBIRTH__Core","Config\buffs.xml","buff","buffNPCModHuntingModeDisplay","True","False","","missing_name"
"zzz_REBIRTH__Core","Config\buffs.xml","buff","buffNPCModResumeDisplay","True","False","","missing_name"
"zzz_REBIRTH__Core","Config\buffs.xml","buff","buffNPCModStopAttacking","True","False","","missing_name"
"zzz_REBIRTH__Core","Config\buffs.xml","buff","buffNPCModThreat","True","False","","missing_name"
"zzz_REBIRTH__Core","Config\buffs.xml","buff","buffNPCModThreatControlMode","True","False","","missing_name"
"zzz_REBIRTH__Core","Config\buffs.xml","buff","buffNPCModThreatControlModeDisplay","True","False","","missing_name"
"zzz_REBIRTH__Core","Config\buffs.xml","buff","buffNPCStatusCheck","True","False","","missing_name"
"zzz_REBIRTH__Core","Config\buffs.xml","buff","buffOrderFollow","True","False","","missing_name"
"zzz_REBIRTH__Core","Config\buffs.xml","buff","buffOrderGuardHere","True","False","","missing_name"
"zzz_REBIRTH__Core","Config\buffs.xml","buff","buffOrderStay","True","False","","missing_name"
"zzz_REBIRTH__Core","Config\buffs.xml","buff","buffRadiation01GetBetter","True","False","","missing_name"
"zzz_REBIRTH__Core","Config\buffs.xml","buff","buffRadiation01Untreated","True","False","","missing_name"
"zzz_REBIRTH__Core","Config\buffs.xml","buff","buffRadiation02GetBetter","True","False","","missing_name"
"zzz_REBIRTH__Core","Config\buffs.xml","buff","buffRadiation02Untreated","True","False","","missing_name"
"zzz_REBIRTH__Core","Config\buffs.xml","buff","buffRadiation03GetBetter","True","False","","missing_name"
"zzz_REBIRTH__Core","Config\buffs.xml","buff","buffRadiation03Untreated","True","False","","missing_name"
"zzz_REBIRTH__Core","Config\buffs.xml","buff","buffRadiation04GetBetter","True","False","","missing_name"
"zzz_REBIRTH__Core","Config\buffs.xml","buff","buffRadiation04Untreated","True","False","","missing_name"
"zzz_REBIRTH__Core","Config\buffs.xml","buff","buffRadiation05GetBetter","True","False","","missing_name"
"zzz_REBIRTH__Core","Config\buffs.xml","buff","buffRadiation05Untreated","True","False","","missing_name"
"zzz_REBIRTH__Core","Config\buffs.xml","buff","buffRadiation06GetBetter","True","False","","missing_name"
"zzz_REBIRTH__Core","Config\buffs.xml","buff","buffRadiation06Untreated","True","False","","missing_name"
"zzz_REBIRTH__Core","Config\buffs.xml","buff","buffRadiation07GetBetter","True","False","","missing_name"
"zzz_REBIRTH__Core","Config\buffs.xml","buff","buffRadiation07Untreated","True","False","","missing_name"
"zzz_REBIRTH__Core","Config\buffs.xml","buff","buffRadiation08GetBetter","True","False","","missing_name"
"zzz_REBIRTH__Core","Config\buffs.xml","buff","buffRadiation08Untreated","True","False","","missing_name"
"zzz_REBIRTH__Core","Config\buffs.xml","buff","buffRadiation09GetBetter","True","False","","missing_name"
"zzz_REBIRTH__Core","Config\buffs.xml","buff","buffRadiation09Untreated","True","False","","missing_name"
"zzz_REBIRTH__Core","Config\buffs.xml","buff","buffRadiation10","True","False","","missing_name"
"zzz_REBIRTH__Core","Config\buffs.xml","buff","buffRadiationAddCure","True","False","","missing_name"
"zzz_REBIRTH__Core","Config\buffs.xml","buff","buffRadiationCatch","True","False","","missing_name"
"zzz_REBIRTH__Core","Config\buffs.xml","buff","buffRadiationCureDisplay","True","False","","missing_name"
"zzz_REBIRTH__Core","Config\buffs.xml","buff","buffRadiationMain","True","False","","missing_name"
"zzz_REBIRTH__Core","Config\buffs.xml","buff","buffRageReady","True","False","","missing_name"
"zzz_REBIRTH__Core","Config\buffs.xml","buff","buffRangedMeleeDelay","True","False","","missing_name"
"zzz_REBIRTH__Core","Config\buffs.xml","buff","buffReload2","True","False","","missing_name"
"zzz_REBIRTH__Core","Config\buffs.xml","buff","buffReload3","True","False","","missing_name"
"zzz_REBIRTH__Core","Config\buffs.xml","buff","buffReloadDelay","True","False","","missing_name"
"zzz_REBIRTH__Core","Config\buffs.xml","buff","buffSendNPCOnMission","True","False","","missing_name"
"zzz_REBIRTH__Core","Config\buffs.xml","buff","buffSnowProtectionRun","True","False","","missing_name"
"zzz_REBIRTH__Core","Config\buffs.xml","buff","buffSnowStormAttackSpeed","True","False","","missing_name"
"zzz_REBIRTH__Core","Config\buffs.xml","buff","buffSnowStormFuel","True","False","","missing_name"
"zzz_REBIRTH__Core","Config\buffs.xml","buff","buffSnowStormMobility","True","False","","missing_name"
"zzz_REBIRTH__Core","Config\buffs.xml","buff","buffSnowStormReloadSpeed","True","False","","missing_name"
"zzz_REBIRTH__Core","Config\buffs.xml","buff","buffSnowStormStamina","True","False","","missing_name"
"zzz_REBIRTH__Core","Config\buffs.xml","buff","buffSnowStormXAttackSpeed","True","False","","missing_name"
"zzz_REBIRTH__Core","Config\buffs.xml","buff","buffSnowStormXFuel","True","False","","missing_name"
"zzz_REBIRTH__Core","Config\buffs.xml","buff","buffSnowStormXMobility","True","False","","missing_name"
"zzz_REBIRTH__Core","Config\buffs.xml","buff","buffSnowStormXReloadSpeed","True","False","","missing_name"
"zzz_REBIRTH__Core","Config\buffs.xml","buff","buffSnowStormXStamina","True","False","","missing_name"
"zzz_REBIRTH__Core","Config\buffs.xml","buff","buffSnowStormYAttackSpeed","True","False","","missing_name"
"zzz_REBIRTH__Core","Config\buffs.xml","buff","buffSnowStormYFuel","True","False","","missing_name"
"zzz_REBIRTH__Core","Config\buffs.xml","buff","buffSnowStormYMobility","True","False","","missing_name"
"zzz_REBIRTH__Core","Config\buffs.xml","buff","buffSnowStormYReloadSpeed","True","False","","missing_name"
"zzz_REBIRTH__Core","Config\buffs.xml","buff","buffSnowStormYStamina","True","False","","missing_name"
"zzz_REBIRTH__Core","Config\buffs.xml","buff","buffSupplyCrateSpawn","True","False","","missing_name"
"zzz_REBIRTH__Core","Config\buffs.xml","buff","buffTaintedRegen","True","False","","missing_name"
"zzz_REBIRTH__Core","Config\buffs.xml","buff","buffTaintedRegenBlock","True","False","","missing_name"
"zzz_REBIRTH__Core","Config\buffs.xml","buff","buffTalkingTo","True","False","","missing_name"
"zzz_REBIRTH__Core","Config\buffs.xml","buff","buffWalkmanCheck","True","False","","missing_name"
"zzz_REBIRTH__Core","Config\buffs.xml","buff","buffWastelandProtectionRun","True","False","","missing_name"
"zzz_REBIRTH__Core","Config\buffs.xml","buff","buffWastelandStormAttackSpeed","True","False","","missing_name"
"zzz_REBIRTH__Core","Config\buffs.xml","buff","buffWastelandStormFuel","True","False","","missing_name"
"zzz_REBIRTH__Core","Config\buffs.xml","buff","buffWastelandStormMobility","True","False","","missing_name"
"zzz_REBIRTH__Core","Config\buffs.xml","buff","buffWastelandStormReloadSpeed","True","False","","missing_name"
"zzz_REBIRTH__Core","Config\buffs.xml","buff","buffWastelandStormStamina","True","False","","missing_name"
"zzz_REBIRTH__Core","Config\buffs.xml","buff","buffWastelandStormXAttackSpeed","True","False","","missing_name"
"zzz_REBIRTH__Core","Config\buffs.xml","buff","buffWastelandStormXFuel","True","False","","missing_name"
"zzz_REBIRTH__Core","Config\buffs.xml","buff","buffWastelandStormXMobility","True","False","","missing_name"
"zzz_REBIRTH__Core","Config\buffs.xml","buff","buffWastelandStormXReloadSpeed","True","False","","missing_name"
"zzz_REBIRTH__Core","Config\buffs.xml","buff","buffWastelandStormXStamina","True","False","","missing_name"
"zzz_REBIRTH__Core","Config\buffs.xml","buff","buffWastelandStormYAttackSpeed","True","False","","missing_name"
"zzz_REBIRTH__Core","Config\buffs.xml","buff","buffWastelandStormYFuel","True","False","","missing_name"
"zzz_REBIRTH__Core","Config\buffs.xml","buff","buffWastelandStormYMobility","True","False","","missing_name"
"zzz_REBIRTH__Core","Config\buffs.xml","buff","buffWastelandStormYReloadSpeed","True","False","","missing_name"
"zzz_REBIRTH__Core","Config\buffs.xml","buff","buffWastelandStormYStamina","True","False","","missing_name"
"zzz_REBIRTH__Core","Config\buffs.xml","buff","delayPickup","True","False","","missing_name"
"zzz_REBIRTH__Core","Config\buffs.xml","buff","FuriousRamsayAddAuraExplosionDamage1","True","False","","missing_name"
"zzz_REBIRTH__Core","Config\buffs.xml","buff","FuriousRamsayAddAuraExplosionDamage10","True","False","","missing_name"
"zzz_REBIRTH__Core","Config\buffs.xml","buff","FuriousRamsayAddAuraExplosionDamage2","True","False","","missing_name"
"zzz_REBIRTH__Core","Config\buffs.xml","buff","FuriousRamsayAddAuraExplosionDamage3","True","False","","missing_name"
"zzz_REBIRTH__Core","Config\buffs.xml","buff","FuriousRamsayAddAuraExplosionDamage4","True","False","","missing_name"
"zzz_REBIRTH__Core","Config\buffs.xml","buff","FuriousRamsayAddAuraExplosionDamage5","True","False","","missing_name"
"zzz_REBIRTH__Core","Config\buffs.xml","buff","FuriousRamsayAddAuraExplosionDamage6","True","False","","missing_name"
"zzz_REBIRTH__Core","Config\buffs.xml","buff","FuriousRamsayAddAuraExplosionDamage7","True","False","","missing_name"
"zzz_REBIRTH__Core","Config\buffs.xml","buff","FuriousRamsayAddAuraExplosionDamage8","True","False","","missing_name"
"zzz_REBIRTH__Core","Config\buffs.xml","buff","FuriousRamsayAddAuraExplosionDamage9","True","False","","missing_name"
"zzz_REBIRTH__Core","Config\buffs.xml","buff","FuriousRamsayAddAuraMadmanExplosionDamage1","True","False","","missing_name"
"zzz_REBIRTH__Core","Config\buffs.xml","buff","FuriousRamsayAddAuraMadmanExplosionDamage10","True","False","","missing_name"
"zzz_REBIRTH__Core","Config\buffs.xml","buff","FuriousRamsayAddAuraMadmanExplosionDamage2","True","False","","missing_name"
"zzz_REBIRTH__Core","Config\buffs.xml","buff","FuriousRamsayAddAuraMadmanExplosionDamage3","True","False","","missing_name"
"zzz_REBIRTH__Core","Config\buffs.xml","buff","FuriousRamsayAddAuraMadmanExplosionDamage4","True","False","","missing_name"
"zzz_REBIRTH__Core","Config\buffs.xml","buff","FuriousRamsayAddAuraMadmanExplosionDamage5","True","False","","missing_name"
"zzz_REBIRTH__Core","Config\buffs.xml","buff","FuriousRamsayAddAuraMadmanExplosionDamage6","True","False","","missing_name"
"zzz_REBIRTH__Core","Config\buffs.xml","buff","FuriousRamsayAddAuraMadmanExplosionDamage7","True","False","","missing_name"
"zzz_REBIRTH__Core","Config\buffs.xml","buff","FuriousRamsayAddAuraMadmanExplosionDamage8","True","False","","missing_name"
"zzz_REBIRTH__Core","Config\buffs.xml","buff","FuriousRamsayAddAuraMadmanExplosionDamage9","True","False","","missing_name"
"zzz_REBIRTH__Core","Config\buffs.xml","buff","FuriousRamsayAddBatonBurningDamage","True","False","","missing_name"
"zzz_REBIRTH__Core","Config\buffs.xml","buff","FuriousRamsayAddBleedingDamage2","True","False","","missing_name"
"zzz_REBIRTH__Core","Config\buffs.xml","buff","FuriousRamsayAddBurnAuraDamage1","True","False","","missing_name"
"zzz_REBIRTH__Core","Config\buffs.xml","buff","FuriousRamsayAddBurnAuraDamage10","True","False","","missing_name"
"zzz_REBIRTH__Core","Config\buffs.xml","buff","FuriousRamsayAddBurnAuraDamage2","True","False","","missing_name"
"zzz_REBIRTH__Core","Config\buffs.xml","buff","FuriousRamsayAddBurnAuraDamage3","True","False","","missing_name"
"zzz_REBIRTH__Core","Config\buffs.xml","buff","FuriousRamsayAddBurnAuraDamage4","True","False","","missing_name"
"zzz_REBIRTH__Core","Config\buffs.xml","buff","FuriousRamsayAddBurnAuraDamage5","True","False","","missing_name"
"zzz_REBIRTH__Core","Config\buffs.xml","buff","FuriousRamsayAddBurnAuraDamage6","True","False","","missing_name"
"zzz_REBIRTH__Core","Config\buffs.xml","buff","FuriousRamsayAddBurnAuraDamage7","True","False","","missing_name"
"zzz_REBIRTH__Core","Config\buffs.xml","buff","FuriousRamsayAddBurnAuraDamage8","True","False","","missing_name"
"zzz_REBIRTH__Core","Config\buffs.xml","buff","FuriousRamsayAddBurnAuraDamage9","True","False","","missing_name"
"zzz_REBIRTH__Core","Config\buffs.xml","buff","FuriousRamsayAddBurningDamage","True","False","","missing_name"
"zzz_REBIRTH__Core","Config\buffs.xml","buff","FuriousRamsayAddBurningDamage2","True","False","","missing_name"
"zzz_REBIRTH__Core","Config\buffs.xml","buff","FuriousRamsayAddBurningEnemyTier4","True","False","","missing_name"
"zzz_REBIRTH__Core","Config\buffs.xml","buff","FuriousRamsayAddBurningEnemyTier4Timer","True","False","","missing_name"
"zzz_REBIRTH__Core","Config\buffs.xml","buff","FuriousRamsayAddBurningThrownDamage","True","False","","missing_name"
"zzz_REBIRTH__Core","Config\buffs.xml","buff","FuriousRamsayAddExplosionDamage2","True","False","","missing_name"
"zzz_REBIRTH__Core","Config\buffs.xml","buff","FuriousRamsayAddFireBuffEffect","True","False","","missing_name"
"zzz_REBIRTH__Core","Config\buffs.xml","buff","FuriousRamsayAddFireRate1","True","False","","missing_name"
"zzz_REBIRTH__Core","Config\buffs.xml","buff","FuriousRamsayAddFireRate10","True","False","","missing_name"
"zzz_REBIRTH__Core","Config\buffs.xml","buff","FuriousRamsayAddFireRate2","True","False","","missing_name"
"zzz_REBIRTH__Core","Config\buffs.xml","buff","FuriousRamsayAddFireRate3","True","False","","missing_name"
"zzz_REBIRTH__Core","Config\buffs.xml","buff","FuriousRamsayAddFireRate4","True","False","","missing_name"
"zzz_REBIRTH__Core","Config\buffs.xml","buff","FuriousRamsayAddFireRate5","True","False","","missing_name"
"zzz_REBIRTH__Core","Config\buffs.xml","buff","FuriousRamsayAddFireRate6","True","False","","missing_name"
"zzz_REBIRTH__Core","Config\buffs.xml","buff","FuriousRamsayAddFireRate7","True","False","","missing_name"
"zzz_REBIRTH__Core","Config\buffs.xml","buff","FuriousRamsayAddFireRate8","True","False","","missing_name"
"zzz_REBIRTH__Core","Config\buffs.xml","buff","FuriousRamsayAddFireRate9","True","False","","missing_name"
"zzz_REBIRTH__Core","Config\buffs.xml","buff","FuriousRamsayAddFireShockBuffEffect","True","False","","missing_name"
"zzz_REBIRTH__Core","Config\buffs.xml","buff","FuriousRamsayAddFireShockSmokeBuffEffect","True","False","","missing_name"
"zzz_REBIRTH__Core","Config\buffs.xml","buff","FuriousRamsayAddKatanaBurningDamage","True","False","","missing_name"
"zzz_REBIRTH__Core","Config\buffs.xml","buff","FuriousRamsayAddKnockdownDamageAoE","True","False","","missing_name"
"zzz_REBIRTH__Core","Config\buffs.xml","buff","FuriousRamsayAddShockAuraDamage1","True","False","","missing_name"
"zzz_REBIRTH__Core","Config\buffs.xml","buff","FuriousRamsayAddShockAuraDamage10","True","False","","missing_name"
"zzz_REBIRTH__Core","Config\buffs.xml","buff","FuriousRamsayAddShockAuraDamage2","True","False","","missing_name"
"zzz_REBIRTH__Core","Config\buffs.xml","buff","FuriousRamsayAddShockAuraDamage3","True","False","","missing_name"
"zzz_REBIRTH__Core","Config\buffs.xml","buff","FuriousRamsayAddShockAuraDamage4","True","False","","missing_name"
"zzz_REBIRTH__Core","Config\buffs.xml","buff","FuriousRamsayAddShockAuraDamage5","True","False","","missing_name"
"zzz_REBIRTH__Core","Config\buffs.xml","buff","FuriousRamsayAddShockAuraDamage6","True","False","","missing_name"
"zzz_REBIRTH__Core","Config\buffs.xml","buff","FuriousRamsayAddShockAuraDamage7","True","False","","missing_name"
"zzz_REBIRTH__Core","Config\buffs.xml","buff","FuriousRamsayAddShockAuraDamage8","True","False","","missing_name"
"zzz_REBIRTH__Core","Config\buffs.xml","buff","FuriousRamsayAddShockAuraDamage9","True","False","","missing_name"
"zzz_REBIRTH__Core","Config\buffs.xml","buff","FuriousRamsayAddShockAuraDamageAoE1","True","False","","missing_name"
"zzz_REBIRTH__Core","Config\buffs.xml","buff","FuriousRamsayAddShockAuraDamageAoE10","True","False","","missing_name"
"zzz_REBIRTH__Core","Config\buffs.xml","buff","FuriousRamsayAddShockAuraDamageAoE2","True","False","","missing_name"
"zzz_REBIRTH__Core","Config\buffs.xml","buff","FuriousRamsayAddShockAuraDamageAoE3","True","False","","missing_name"
"zzz_REBIRTH__Core","Config\buffs.xml","buff","FuriousRamsayAddShockAuraDamageAoE4","True","False","","missing_name"
"zzz_REBIRTH__Core","Config\buffs.xml","buff","FuriousRamsayAddShockAuraDamageAoE5","True","False","","missing_name"
"zzz_REBIRTH__Core","Config\buffs.xml","buff","FuriousRamsayAddShockAuraDamageAoE6","True","False","","missing_name"
"zzz_REBIRTH__Core","Config\buffs.xml","buff","FuriousRamsayAddShockAuraDamageAoE7","True","False","","missing_name"
"zzz_REBIRTH__Core","Config\buffs.xml","buff","FuriousRamsayAddShockAuraDamageAoE8","True","False","","missing_name"
"zzz_REBIRTH__Core","Config\buffs.xml","buff","FuriousRamsayAddShockAuraDamageAoE9","True","False","","missing_name"
"zzz_REBIRTH__Core","Config\buffs.xml","buff","FuriousRamsayAddShockBuffEffect","True","False","","missing_name"
"zzz_REBIRTH__Core","Config\buffs.xml","buff","FuriousRamsayAddShockDamage","True","False","","missing_name"
"zzz_REBIRTH__Core","Config\buffs.xml","buff","FuriousRamsayAddShockDamage2","True","False","","missing_name"
"zzz_REBIRTH__Core","Config\buffs.xml","buff","FuriousRamsayAddShockDamage3","True","False","","missing_name"
"zzz_REBIRTH__Core","Config\buffs.xml","buff","FuriousRamsayAddShockDamageAoE","True","False","","missing_name"
"zzz_REBIRTH__Core","Config\buffs.xml","buff","FuriousRamsayAddSmokeBuffEffect","True","False","","missing_name"
"zzz_REBIRTH__Core","Config\buffs.xml","buff","FuriousRamsayAddStun","True","False","","missing_name"
"zzz_REBIRTH__Core","Config\buffs.xml","buff","FuriousRamsayAddTurretShockDamage","True","False","","missing_name"
"zzz_REBIRTH__Core","Config\buffs.xml","buff","FuriousRamsayAloeCreamTrigger","True","False","","missing_name"
"zzz_REBIRTH__Core","Config\buffs.xml","buff","FuriousRamsayAmmoMachineSchematicUnlock","True","False","","missing_name"
"zzz_REBIRTH__Core","Config\buffs.xml","buff","FuriousRamsayAnimal2Attacks","True","False","","missing_name"
"zzz_REBIRTH__Core","Config\buffs.xml","buff","FuriousRamsayAnimal3Attacks","True","False","","missing_name"
"zzz_REBIRTH__Core","Config\buffs.xml","buff","FuriousRamsayAnimalPain3Hits","True","False","","missing_name"
"zzz_REBIRTH__Core","Config\buffs.xml","buff","FuriousRamsayArrowRainParticle","True","False","","missing_name"
"zzz_REBIRTH__Core","Config\buffs.xml","buff","FuriousRamsayArrowRainParticle1","True","False","","missing_name"
"zzz_REBIRTH__Core","Config\buffs.xml","buff","FuriousRamsayArrowRainParticle10","True","False","","missing_name"
"zzz_REBIRTH__Core","Config\buffs.xml","buff","FuriousRamsayArrowRainParticle2","True","False","","missing_name"
"zzz_REBIRTH__Core","Config\buffs.xml","buff","FuriousRamsayArrowRainParticle3","True","False","","missing_name"
"zzz_REBIRTH__Core","Config\buffs.xml","buff","FuriousRamsayArrowRainParticle4","True","False","","missing_name"
"zzz_REBIRTH__Core","Config\buffs.xml","buff","FuriousRamsayArrowRainParticle5","True","False","","missing_name"
"zzz_REBIRTH__Core","Config\buffs.xml","buff","FuriousRamsayArrowRainParticle6","True","False","","missing_name"
"zzz_REBIRTH__Core","Config\buffs.xml","buff","FuriousRamsayArrowRainParticle7","True","False","","missing_name"
"zzz_REBIRTH__Core","Config\buffs.xml","buff","FuriousRamsayArrowRainParticle8","True","False","","missing_name"
"zzz_REBIRTH__Core","Config\buffs.xml","buff","FuriousRamsayArrowRainParticle9","True","False","","missing_name"
"zzz_REBIRTH__Core","Config\buffs.xml","buff","FuriousRamsayArrowRainParticleAoE1","True","False","","missing_name"
"zzz_REBIRTH__Core","Config\buffs.xml","buff","FuriousRamsayArrowRainParticleAoE10","True","False","","missing_name"
"zzz_REBIRTH__Core","Config\buffs.xml","buff","FuriousRamsayArrowRainParticleAoE2","True","False","","missing_name"
"zzz_REBIRTH__Core","Config\buffs.xml","buff","FuriousRamsayArrowRainParticleAoE3","True","False","","missing_name"
"zzz_REBIRTH__Core","Config\buffs.xml","buff","FuriousRamsayArrowRainParticleAoE4","True","False","","missing_name"
"zzz_REBIRTH__Core","Config\buffs.xml","buff","FuriousRamsayArrowRainParticleAoE5","True","False","","missing_name"
"zzz_REBIRTH__Core","Config\buffs.xml","buff","FuriousRamsayArrowRainParticleAoE6","True","False","","missing_name"
"zzz_REBIRTH__Core","Config\buffs.xml","buff","FuriousRamsayArrowRainParticleAoE7","True","False","","missing_name"
"zzz_REBIRTH__Core","Config\buffs.xml","buff","FuriousRamsayArrowRainParticleAoE8","True","False","","missing_name"
"zzz_REBIRTH__Core","Config\buffs.xml","buff","FuriousRamsayArrowRainParticleAoE9","True","False","","missing_name"
"zzz_REBIRTH__Core","Config\buffs.xml","buff","FuriousRamsayAttackAnims2","True","False","","missing_name"
"zzz_REBIRTH__Core","Config\buffs.xml","buff","FuriousRamsayAttackAnims3","True","False","","missing_name"
"zzz_REBIRTH__Core","Config\buffs.xml","buff","FuriousRamsayAttackAnims4","True","False","","missing_name"
"zzz_REBIRTH__Core","Config\buffs.xml","buff","FuriousRamsayAttackedOther","True","False","","missing_name"
"zzz_REBIRTH__Core","Config\buffs.xml","buff","FuriousRamsayAxeCrafting","True","False","","missing_name"
"zzz_REBIRTH__Core","Config\buffs.xml","buff","FuriousRamsayBanditEvent","True","False","","missing_name"
"zzz_REBIRTH__Core","Config\buffs.xml","buff","FuriousRamsayBanditEventCooldown","True","False","","missing_name"
"zzz_REBIRTH__Core","Config\buffs.xml","buff","FuriousRamsayBanditEventInProgress","True","False","","missing_name"
"zzz_REBIRTH__Core","Config\buffs.xml","buff","FuriousRamsayBerserkerBloodMoonDefensiveManualActivationTier1","True","False","","missing_name"
"zzz_REBIRTH__Core","Config\buffs.xml","buff","FuriousRamsayBerserkerBloodMoonDefensiveManualActivationTier10","True","False","","missing_name"
"zzz_REBIRTH__Core","Config\buffs.xml","buff","FuriousRamsayBerserkerBloodMoonDefensiveManualActivationTier11","True","False","","missing_name"
"zzz_REBIRTH__Core","Config\buffs.xml","buff","FuriousRamsayBerserkerBloodMoonDefensiveManualActivationTier12","True","False","","missing_name"
"zzz_REBIRTH__Core","Config\buffs.xml","buff","FuriousRamsayBerserkerBloodMoonDefensiveManualActivationTier13","True","False","","missing_name"
"zzz_REBIRTH__Core","Config\buffs.xml","buff","FuriousRamsayBerserkerBloodMoonDefensiveManualActivationTier14","True","False","","missing_name"
"zzz_REBIRTH__Core","Config\buffs.xml","buff","FuriousRamsayBerserkerBloodMoonDefensiveManualActivationTier15","True","False","","missing_name"
"zzz_REBIRTH__Core","Config\buffs.xml","buff","FuriousRamsayBerserkerBloodMoonDefensiveManualActivationTier2","True","False","","missing_name"
"zzz_REBIRTH__Core","Config\buffs.xml","buff","FuriousRamsayBerserkerBloodMoonDefensiveManualActivationTier3","True","False","","missing_name"
"zzz_REBIRTH__Core","Config\buffs.xml","buff","FuriousRamsayBerserkerBloodMoonDefensiveManualActivationTier4","True","False","","missing_name"
"zzz_REBIRTH__Core","Config\buffs.xml","buff","FuriousRamsayBerserkerBloodMoonDefensiveManualActivationTier5","True","False","","missing_name"
"zzz_REBIRTH__Core","Config\buffs.xml","buff","FuriousRamsayBerserkerBloodMoonDefensiveManualActivationTier6","True","False","","missing_name"
"zzz_REBIRTH__Core","Config\buffs.xml","buff","FuriousRamsayBerserkerBloodMoonDefensiveManualActivationTier7","True","False","","missing_name"
"zzz_REBIRTH__Core","Config\buffs.xml","buff","FuriousRamsayBerserkerBloodMoonDefensiveManualActivationTier8","True","False","","missing_name"
"zzz_REBIRTH__Core","Config\buffs.xml","buff","FuriousRamsayBerserkerBloodMoonDefensiveManualActivationTier9","True","False","","missing_name"
"zzz_REBIRTH__Core","Config\buffs.xml","buff","FuriousRamsayBerserkerDefensiveManualActivationTier1","True","False","","missing_name"
"zzz_REBIRTH__Core","Config\buffs.xml","buff","FuriousRamsayBerserkerDefensiveManualActivationTier10","True","False","","missing_name"
"zzz_REBIRTH__Core","Config\buffs.xml","buff","FuriousRamsayBerserkerDefensiveManualActivationTier11","True","False","","missing_name"
"zzz_REBIRTH__Core","Config\buffs.xml","buff","FuriousRamsayBerserkerDefensiveManualActivationTier12","True","False","","missing_name"
"zzz_REBIRTH__Core","Config\buffs.xml","buff","FuriousRamsayBerserkerDefensiveManualActivationTier13","True","False","","missing_name"
"zzz_REBIRTH__Core","Config\buffs.xml","buff","FuriousRamsayBerserkerDefensiveManualActivationTier14","True","False","","missing_name"
"zzz_REBIRTH__Core","Config\buffs.xml","buff","FuriousRamsayBerserkerDefensiveManualActivationTier15","True","False","","missing_name"
"zzz_REBIRTH__Core","Config\buffs.xml","buff","FuriousRamsayBerserkerDefensiveManualActivationTier2","True","False","","missing_name"
"zzz_REBIRTH__Core","Config\buffs.xml","buff","FuriousRamsayBerserkerDefensiveManualActivationTier3","True","False","","missing_name"
"zzz_REBIRTH__Core","Config\buffs.xml","buff","FuriousRamsayBerserkerDefensiveManualActivationTier4","True","False","","missing_name"
"zzz_REBIRTH__Core","Config\buffs.xml","buff","FuriousRamsayBerserkerDefensiveManualActivationTier5","True","False","","missing_name"
"zzz_REBIRTH__Core","Config\buffs.xml","buff","FuriousRamsayBerserkerDefensiveManualActivationTier6","True","False","","missing_name"
"zzz_REBIRTH__Core","Config\buffs.xml","buff","FuriousRamsayBerserkerDefensiveManualActivationTier7","True","False","","missing_name"
"zzz_REBIRTH__Core","Config\buffs.xml","buff","FuriousRamsayBerserkerDefensiveManualActivationTier8","True","False","","missing_name"
"zzz_REBIRTH__Core","Config\buffs.xml","buff","FuriousRamsayBerserkerDefensiveManualActivationTier9","True","False","","missing_name"
"zzz_REBIRTH__Core","Config\buffs.xml","buff","FuriousRamsayBerserkerRagePanther","True","False","","missing_name"
"zzz_REBIRTH__Core","Config\buffs.xml","buff","FuriousRamsayBerserkerRagePantherBloodMoon","True","False","","missing_name"
"zzz_REBIRTH__Core","Config\buffs.xml","buff","FuriousRamsayBerserkerRagePantherCheck","True","False","","missing_name"
"zzz_REBIRTH__Core","Config\buffs.xml","buff","FuriousRamsayBleedDamageHinderLevel1","True","False","","missing_name"
"zzz_REBIRTH__Core","Config\buffs.xml","buff","FuriousRamsayBleedDamageHinderLevel10","True","False","","missing_name"
"zzz_REBIRTH__Core","Config\buffs.xml","buff","FuriousRamsayBleedDamageHinderLevel2","True","False","","missing_name"
"zzz_REBIRTH__Core","Config\buffs.xml","buff","FuriousRamsayBleedDamageHinderLevel3","True","False","","missing_name"
"zzz_REBIRTH__Core","Config\buffs.xml","buff","FuriousRamsayBleedDamageHinderLevel4","True","False","","missing_name"
"zzz_REBIRTH__Core","Config\buffs.xml","buff","FuriousRamsayBleedDamageHinderLevel5","True","False","","missing_name"
"zzz_REBIRTH__Core","Config\buffs.xml","buff","FuriousRamsayBleedDamageHinderLevel6","True","False","","missing_name"
"zzz_REBIRTH__Core","Config\buffs.xml","buff","FuriousRamsayBleedDamageHinderLevel7","True","False","","missing_name"
"zzz_REBIRTH__Core","Config\buffs.xml","buff","FuriousRamsayBleedDamageHinderLevel8","True","False","","missing_name"
"zzz_REBIRTH__Core","Config\buffs.xml","buff","FuriousRamsayBleedDamageHinderLevel9","True","False","","missing_name"
"zzz_REBIRTH__Core","Config\buffs.xml","buff","FuriousRamsayBleedDamageLevel1","True","False","","missing_name"
"zzz_REBIRTH__Core","Config\buffs.xml","buff","FuriousRamsayBleedDamageLevel10","True","False","","missing_name"
"zzz_REBIRTH__Core","Config\buffs.xml","buff","FuriousRamsayBleedDamageLevel2","True","False","","missing_name"
"zzz_REBIRTH__Core","Config\buffs.xml","buff","FuriousRamsayBleedDamageLevel3","True","False","","missing_name"
"zzz_REBIRTH__Core","Config\buffs.xml","buff","FuriousRamsayBleedDamageLevel4","True","False","","missing_name"
"zzz_REBIRTH__Core","Config\buffs.xml","buff","FuriousRamsayBleedDamageLevel5","True","False","","missing_name"
"zzz_REBIRTH__Core","Config\buffs.xml","buff","FuriousRamsayBleedDamageLevel6","True","False","","missing_name"
"zzz_REBIRTH__Core","Config\buffs.xml","buff","FuriousRamsayBleedDamageLevel7","True","False","","missing_name"
"zzz_REBIRTH__Core","Config\buffs.xml","buff","FuriousRamsayBleedDamageLevel8","True","False","","missing_name"
"zzz_REBIRTH__Core","Config\buffs.xml","buff","FuriousRamsayBleedDamageLevel9","True","False","","missing_name"
"zzz_REBIRTH__Core","Config\buffs.xml","buff","FuriousRamsayBlockDamageBoostGoldenRodTea","True","False","","missing_name"
"zzz_REBIRTH__Core","Config\buffs.xml","buff","FuriousRamsayBloodMoonRageBuffCooldown","True","False","","missing_name"
"zzz_REBIRTH__Core","Config\buffs.xml","buff","FuriousRamsayBloodMoonRageBuffReset","True","False","","missing_name"
"zzz_REBIRTH__Core","Config\buffs.xml","buff","FuriousRamsayBloodMoonRageBuffSet","True","False","","missing_name"
"zzz_REBIRTH__Core","Config\buffs.xml","buff","FuriousRamsayBloodMoonRageBuffTier1","True","False","","missing_name"
"zzz_REBIRTH__Core","Config\buffs.xml","buff","FuriousRamsayBloodMoonRageBuffTier10","True","False","","missing_name"
"zzz_REBIRTH__Core","Config\buffs.xml","buff","FuriousRamsayBloodMoonRageBuffTier11","True","False","","missing_name"
"zzz_REBIRTH__Core","Config\buffs.xml","buff","FuriousRamsayBloodMoonRageBuffTier12","True","False","","missing_name"
"zzz_REBIRTH__Core","Config\buffs.xml","buff","FuriousRamsayBloodMoonRageBuffTier13","True","False","","missing_name"
"zzz_REBIRTH__Core","Config\buffs.xml","buff","FuriousRamsayBloodMoonRageBuffTier14","True","False","","missing_name"
"zzz_REBIRTH__Core","Config\buffs.xml","buff","FuriousRamsayBloodMoonRageBuffTier15","True","False","","missing_name"
"zzz_REBIRTH__Core","Config\buffs.xml","buff","FuriousRamsayBloodMoonRageBuffTier2","True","False","","missing_name"
"zzz_REBIRTH__Core","Config\buffs.xml","buff","FuriousRamsayBloodMoonRageBuffTier3","True","False","","missing_name"
"zzz_REBIRTH__Core","Config\buffs.xml","buff","FuriousRamsayBloodMoonRageBuffTier4","True","False","","missing_name"
"zzz_REBIRTH__Core","Config\buffs.xml","buff","FuriousRamsayBloodMoonRageBuffTier5","True","False","","missing_name"
"zzz_REBIRTH__Core","Config\buffs.xml","buff","FuriousRamsayBloodMoonRageBuffTier6","True","False","","missing_name"
"zzz_REBIRTH__Core","Config\buffs.xml","buff","FuriousRamsayBloodMoonRageBuffTier7","True","False","","missing_name"
"zzz_REBIRTH__Core","Config\buffs.xml","buff","FuriousRamsayBloodMoonRageBuffTier8","True","False","","missing_name"
"zzz_REBIRTH__Core","Config\buffs.xml","buff","FuriousRamsayBloodMoonRageBuffTier9","True","False","","missing_name"
"zzz_REBIRTH__Core","Config\buffs.xml","buff","FuriousRamsayBoneHealTrigger","True","False","","missing_name"
"zzz_REBIRTH__Core","Config\buffs.xml","buff","FuriousRamsayBossBuff10x","True","False","","missing_name"
"zzz_REBIRTH__Core","Config\buffs.xml","buff","FuriousRamsayBossBuff15x","True","False","","missing_name"
"zzz_REBIRTH__Core","Config\buffs.xml","buff","FuriousRamsayBossBuff2","True","False","","missing_name"
"zzz_REBIRTH__Core","Config\buffs.xml","buff","FuriousRamsayBossBuff20x","True","False","","missing_name"
"zzz_REBIRTH__Core","Config\buffs.xml","buff","FuriousRamsayBossBuff30x","True","False","","missing_name"
"zzz_REBIRTH__Core","Config\buffs.xml","buff","FuriousRamsayBossBuff4x","True","False","","missing_name"
"zzz_REBIRTH__Core","Config\buffs.xml","buff","FuriousRamsayBossBuff8x","True","False","","missing_name"
"zzz_REBIRTH__Core","Config\buffs.xml","buff","FuriousRamsayBossBuff8xB","True","False","","missing_name"
"zzz_REBIRTH__Core","Config\buffs.xml","buff","FuriousRamsayBossBuffTier0","True","False","","missing_name"
"zzz_REBIRTH__Core","Config\buffs.xml","buff","FuriousRamsayBossBuffTier1","True","False","","missing_name"
"zzz_REBIRTH__Core","Config\buffs.xml","buff","FuriousRamsayBossBuffTier1Animal","True","False","","missing_name"
"zzz_REBIRTH__Core","Config\buffs.xml","buff","FuriousRamsayBossBuffTier1B","True","False","","missing_name"
"zzz_REBIRTH__Core","Config\buffs.xml","buff","FuriousRamsayBossBuffTier1BNoSpeed","True","False","","missing_name"
"zzz_REBIRTH__Core","Config\buffs.xml","buff","FuriousRamsayBossBuffTier1C","True","False","","missing_name"
"zzz_REBIRTH__Core","Config\buffs.xml","buff","FuriousRamsayBossBuffTier1CNoSpeed","True","False","","missing_name"
"zzz_REBIRTH__Core","Config\buffs.xml","buff","FuriousRamsayBossBuffTier1D","True","False","","missing_name"
"zzz_REBIRTH__Core","Config\buffs.xml","buff","FuriousRamsayBossBuffTier1E","True","False","","missing_name"
"zzz_REBIRTH__Core","Config\buffs.xml","buff","FuriousRamsayBossBuffTier1F","True","False","","missing_name"
"zzz_REBIRTH__Core","Config\buffs.xml","buff","FuriousRamsayBossBuffTier1NoSpeed","True","False","","missing_name"
"zzz_REBIRTH__Core","Config\buffs.xml","buff","FuriousRamsayBossBuffTier2Animal","True","False","","missing_name"
"zzz_REBIRTH__Core","Config\buffs.xml","buff","FuriousRamsayBossBuffTier3Animal","True","False","","missing_name"
"zzz_REBIRTH__Core","Config\buffs.xml","buff","FuriousRamsayBossBuffTier4Animal","True","False","","missing_name"
"zzz_REBIRTH__Core","Config\buffs.xml","buff","FuriousRamsayBossBuffTier5Animal","True","False","","missing_name"
"zzz_REBIRTH__Core","Config\buffs.xml","buff","FuriousRamsayBrainHealTrigger","True","False","","missing_name"
"zzz_REBIRTH__Core","Config\buffs.xml","buff","FuriousRamsayBrownPasteSchematicUnlock","True","False","","missing_name"
"zzz_REBIRTH__Core","Config\buffs.xml","buff","FuriousRamsayBuffAgilityAura","True","False","","missing_name"
"zzz_REBIRTH__Core","Config\buffs.xml","buff","FuriousRamsayBuffAgilityAuraAlliesLvl1","True","False","","missing_name"
"zzz_REBIRTH__Core","Config\buffs.xml","buff","FuriousRamsayBuffAgilityAuraAlliesLvl2","True","False","","missing_name"
"zzz_REBIRTH__Core","Config\buffs.xml","buff","FuriousRamsayBuffAgilityAuraAlliesLvl3","True","False","","missing_name"
"zzz_REBIRTH__Core","Config\buffs.xml","buff","FuriousRamsayBuffArmorPenetrationAura","True","False","","missing_name"
"zzz_REBIRTH__Core","Config\buffs.xml","buff","FuriousRamsayBuffArmorPenetrationAuraAlliesLvl1","True","False","","missing_name"
"zzz_REBIRTH__Core","Config\buffs.xml","buff","FuriousRamsayBuffArmorPenetrationAuraAlliesLvl2","True","False","","missing_name"
"zzz_REBIRTH__Core","Config\buffs.xml","buff","FuriousRamsayBuffArmorPenetrationAuraAlliesLvl3","True","False","","missing_name"
"zzz_REBIRTH__Core","Config\buffs.xml","buff","FuriousRamsayBuffArrowRainAura","True","False","","missing_name"
"zzz_REBIRTH__Core","Config\buffs.xml","buff","FuriousRamsayBuffArrowRainAura1","True","False","","missing_name"
"zzz_REBIRTH__Core","Config\buffs.xml","buff","FuriousRamsayBuffArrowRainAura10","True","False","","missing_name"
"zzz_REBIRTH__Core","Config\buffs.xml","buff","FuriousRamsayBuffArrowRainAura2","True","False","","missing_name"
"zzz_REBIRTH__Core","Config\buffs.xml","buff","FuriousRamsayBuffArrowRainAura3","True","False","","missing_name"
"zzz_REBIRTH__Core","Config\buffs.xml","buff","FuriousRamsayBuffArrowRainAura4","True","False","","missing_name"
"zzz_REBIRTH__Core","Config\buffs.xml","buff","FuriousRamsayBuffArrowRainAura5","True","False","","missing_name"
"zzz_REBIRTH__Core","Config\buffs.xml","buff","FuriousRamsayBuffArrowRainAura6","True","False","","missing_name"
"zzz_REBIRTH__Core","Config\buffs.xml","buff","FuriousRamsayBuffArrowRainAura7","True","False","","missing_name"
"zzz_REBIRTH__Core","Config\buffs.xml","buff","FuriousRamsayBuffArrowRainAura8","True","False","","missing_name"
"zzz_REBIRTH__Core","Config\buffs.xml","buff","FuriousRamsayBuffArrowRainAura9","True","False","","missing_name"
"zzz_REBIRTH__Core","Config\buffs.xml","buff","FuriousRamsayBuffAttackSpeedAura","True","False","","missing_name"
"zzz_REBIRTH__Core","Config\buffs.xml","buff","FuriousRamsayBuffAttackSpeedAuraAlliesLvl1","True","False","","missing_name"
"zzz_REBIRTH__Core","Config\buffs.xml","buff","FuriousRamsayBuffAttackSpeedAuraAlliesLvl2","True","False","","missing_name"
"zzz_REBIRTH__Core","Config\buffs.xml","buff","FuriousRamsayBuffAttackSpeedAuraAlliesLvl3","True","False","","missing_name"
"zzz_REBIRTH__Core","Config\buffs.xml","buff","FuriousRamsayBuffBlockDamageAura","True","False","","missing_name"
"zzz_REBIRTH__Core","Config\buffs.xml","buff","FuriousRamsayBuffBlockDamageAuraAlliesLvl1","True","False","","missing_name"
"zzz_REBIRTH__Core","Config\buffs.xml","buff","FuriousRamsayBuffBlockDamageAuraAlliesLvl2","True","False","","missing_name"
"zzz_REBIRTH__Core","Config\buffs.xml","buff","FuriousRamsayBuffBlockDamageAuraAlliesLvl3","True","False","","missing_name"
"zzz_REBIRTH__Core","Config\buffs.xml","buff","FuriousRamsayBuffFireRateAura","True","False","","missing_name"
"zzz_REBIRTH__Core","Config\buffs.xml","buff","FuriousRamsayBuffFireRateAuraAlliesLvl1","True","False","","missing_name"
"zzz_REBIRTH__Core","Config\buffs.xml","buff","FuriousRamsayBuffFireRateAuraAlliesLvl2","True","False","","missing_name"
"zzz_REBIRTH__Core","Config\buffs.xml","buff","FuriousRamsayBuffFireRateAuraAlliesLvl3","True","False","","missing_name"
"zzz_REBIRTH__Core","Config\buffs.xml","buff","FuriousRamsayBuffFortuityAura","True","False","","missing_name"
"zzz_REBIRTH__Core","Config\buffs.xml","buff","FuriousRamsayBuffFortuityAuraAlliesLvl1","True","False","","missing_name"
"zzz_REBIRTH__Core","Config\buffs.xml","buff","FuriousRamsayBuffFortuityAuraAlliesLvl2","True","False","","missing_name"
"zzz_REBIRTH__Core","Config\buffs.xml","buff","FuriousRamsayBuffFortuityAuraAlliesLvl3","True","False","","missing_name"
"zzz_REBIRTH__Core","Config\buffs.xml","buff","FuriousRamsayBuffHealingAura","True","False","","missing_name"
"zzz_REBIRTH__Core","Config\buffs.xml","buff","FuriousRamsayBuffHealingAuraAlliesLvl1","True","False","","missing_name"
"zzz_REBIRTH__Core","Config\buffs.xml","buff","FuriousRamsayBuffHealingAuraAlliesLvl2","True","False","","missing_name"
"zzz_REBIRTH__Core","Config\buffs.xml","buff","FuriousRamsayBuffHealingAuraAlliesLvl3","True","False","","missing_name"
"zzz_REBIRTH__Core","Config\buffs.xml","buff","FuriousRamsayBuffMobilityAura","True","False","","missing_name"
"zzz_REBIRTH__Core","Config\buffs.xml","buff","FuriousRamsayBuffMobilityAuraAlliesLvl1","True","False","","missing_name"
"zzz_REBIRTH__Core","Config\buffs.xml","buff","FuriousRamsayBuffMobilityAuraAlliesLvl2","True","False","","missing_name"
"zzz_REBIRTH__Core","Config\buffs.xml","buff","FuriousRamsayBuffMobilityAuraAlliesLvl3","True","False","","missing_name"
"zzz_REBIRTH__Core","Config\buffs.xml","buff","FuriousRamsayBuffPauseAttack","True","False","","missing_name"
"zzz_REBIRTH__Core","Config\buffs.xml","buff","FuriousRamsayBuffPierceAura","True","False","","missing_name"
"zzz_REBIRTH__Core","Config\buffs.xml","buff","FuriousRamsayBuffPierceAuraAlliesLvl1","True","False","","missing_name"
"zzz_REBIRTH__Core","Config\buffs.xml","buff","FuriousRamsayBuffPierceAuraAlliesLvl2","True","False","","missing_name"
"zzz_REBIRTH__Core","Config\buffs.xml","buff","FuriousRamsayBuffPierceAuraAlliesLvl3","True","False","","missing_name"
"zzz_REBIRTH__Core","Config\buffs.xml","buff","FuriousRamsayBuffRangedBleedAura","True","False","","missing_name"
"zzz_REBIRTH__Core","Config\buffs.xml","buff","FuriousRamsayBuffRangedBleedAura1","True","False","","missing_name"
"zzz_REBIRTH__Core","Config\buffs.xml","buff","FuriousRamsayBuffRangedBleedAura10","True","False","","missing_name"
"zzz_REBIRTH__Core","Config\buffs.xml","buff","FuriousRamsayBuffRangedBleedAura2","True","False","","missing_name"
"zzz_REBIRTH__Core","Config\buffs.xml","buff","FuriousRamsayBuffRangedBleedAura3","True","False","","missing_name"
"zzz_REBIRTH__Core","Config\buffs.xml","buff","FuriousRamsayBuffRangedBleedAura4","True","False","","missing_name"
"zzz_REBIRTH__Core","Config\buffs.xml","buff","FuriousRamsayBuffRangedBleedAura5","True","False","","missing_name"
"zzz_REBIRTH__Core","Config\buffs.xml","buff","FuriousRamsayBuffRangedBleedAura6","True","False","","missing_name"
"zzz_REBIRTH__Core","Config\buffs.xml","buff","FuriousRamsayBuffRangedBleedAura7","True","False","","missing_name"
"zzz_REBIRTH__Core","Config\buffs.xml","buff","FuriousRamsayBuffRangedBleedAura8","True","False","","missing_name"
"zzz_REBIRTH__Core","Config\buffs.xml","buff","FuriousRamsayBuffRangedBleedAura9","True","False","","missing_name"
"zzz_REBIRTH__Core","Config\buffs.xml","buff","FuriousRamsayBuffRangedDismemberAura","True","False","","missing_name"
"zzz_REBIRTH__Core","Config\buffs.xml","buff","FuriousRamsayBuffRangedDismemberAura1","True","False","","missing_name"
"zzz_REBIRTH__Core","Config\buffs.xml","buff","FuriousRamsayBuffRangedDismemberAura10","True","False","","missing_name"
"zzz_REBIRTH__Core","Config\buffs.xml","buff","FuriousRamsayBuffRangedDismemberAura2","True","False","","missing_name"
"zzz_REBIRTH__Core","Config\buffs.xml","buff","FuriousRamsayBuffRangedDismemberAura3","True","False","","missing_name"
"zzz_REBIRTH__Core","Config\buffs.xml","buff","FuriousRamsayBuffRangedDismemberAura4","True","False","","missing_name"
"zzz_REBIRTH__Core","Config\buffs.xml","buff","FuriousRamsayBuffRangedDismemberAura5","True","False","","missing_name"
"zzz_REBIRTH__Core","Config\buffs.xml","buff","FuriousRamsayBuffRangedDismemberAura6","True","False","","missing_name"
"zzz_REBIRTH__Core","Config\buffs.xml","buff","FuriousRamsayBuffRangedDismemberAura7","True","False","","missing_name"
"zzz_REBIRTH__Core","Config\buffs.xml","buff","FuriousRamsayBuffRangedDismemberAura8","True","False","","missing_name"
"zzz_REBIRTH__Core","Config\buffs.xml","buff","FuriousRamsayBuffRangedDismemberAura9","True","False","","missing_name"
"zzz_REBIRTH__Core","Config\buffs.xml","buff","FuriousRamsayBuffRangedDoubleDamageAura","True","False","","missing_name"
"zzz_REBIRTH__Core","Config\buffs.xml","buff","FuriousRamsayBuffRangedDoubleDamageAura1","True","False","","missing_name"
"zzz_REBIRTH__Core","Config\buffs.xml","buff","FuriousRamsayBuffRangedDoubleDamageAura10","True","False","","missing_name"
"zzz_REBIRTH__Core","Config\buffs.xml","buff","FuriousRamsayBuffRangedDoubleDamageAura2","True","False","","missing_name"
"zzz_REBIRTH__Core","Config\buffs.xml","buff","FuriousRamsayBuffRangedDoubleDamageAura3","True","False","","missing_name"
"zzz_REBIRTH__Core","Config\buffs.xml","buff","FuriousRamsayBuffRangedDoubleDamageAura4","True","False","","missing_name"
"zzz_REBIRTH__Core","Config\buffs.xml","buff","FuriousRamsayBuffRangedDoubleDamageAura5","True","False","","missing_name"
"zzz_REBIRTH__Core","Config\buffs.xml","buff","FuriousRamsayBuffRangedDoubleDamageAura6","True","False","","missing_name"
"zzz_REBIRTH__Core","Config\buffs.xml","buff","FuriousRamsayBuffRangedDoubleDamageAura7","True","False","","missing_name"
"zzz_REBIRTH__Core","Config\buffs.xml","buff","FuriousRamsayBuffRangedDoubleDamageAura8","True","False","","missing_name"
"zzz_REBIRTH__Core","Config\buffs.xml","buff","FuriousRamsayBuffRangedDoubleDamageAura9","True","False","","missing_name"
"zzz_REBIRTH__Core","Config\buffs.xml","buff","FuriousRamsayBuffRangedExplosionAura","True","False","","missing_name"
"zzz_REBIRTH__Core","Config\buffs.xml","buff","FuriousRamsayBuffRangedExplosionAura1","True","False","","missing_name"
"zzz_REBIRTH__Core","Config\buffs.xml","buff","FuriousRamsayBuffRangedExplosionAura10","True","False","","missing_name"
"zzz_REBIRTH__Core","Config\buffs.xml","buff","FuriousRamsayBuffRangedExplosionAura2","True","False","","missing_name"
"zzz_REBIRTH__Core","Config\buffs.xml","buff","FuriousRamsayBuffRangedExplosionAura3","True","False","","missing_name"
"zzz_REBIRTH__Core","Config\buffs.xml","buff","FuriousRamsayBuffRangedExplosionAura4","True","False","","missing_name"
"zzz_REBIRTH__Core","Config\buffs.xml","buff","FuriousRamsayBuffRangedExplosionAura5","True","False","","missing_name"
"zzz_REBIRTH__Core","Config\buffs.xml","buff","FuriousRamsayBuffRangedExplosionAura6","True","False","","missing_name"
"zzz_REBIRTH__Core","Config\buffs.xml","buff","FuriousRamsayBuffRangedExplosionAura7","True","False","","missing_name"
"zzz_REBIRTH__Core","Config\buffs.xml","buff","FuriousRamsayBuffRangedExplosionAura8","True","False","","missing_name"
"zzz_REBIRTH__Core","Config\buffs.xml","buff","FuriousRamsayBuffRangedExplosionAura9","True","False","","missing_name"
"zzz_REBIRTH__Core","Config\buffs.xml","buff","FuriousRamsayBuffRangedShockAura","True","False","","missing_name"
"zzz_REBIRTH__Core","Config\buffs.xml","buff","FuriousRamsayBuffRangedShockAura1","True","False","","missing_name"
"zzz_REBIRTH__Core","Config\buffs.xml","buff","FuriousRamsayBuffRangedShockAura10","True","False","","missing_name"
"zzz_REBIRTH__Core","Config\buffs.xml","buff","FuriousRamsayBuffRangedShockAura2","True","False","","missing_name"
"zzz_REBIRTH__Core","Config\buffs.xml","buff","FuriousRamsayBuffRangedShockAura3","True","False","","missing_name"
"zzz_REBIRTH__Core","Config\buffs.xml","buff","FuriousRamsayBuffRangedShockAura4","True","False","","missing_name"
"zzz_REBIRTH__Core","Config\buffs.xml","buff","FuriousRamsayBuffRangedShockAura5","True","False","","missing_name"
"zzz_REBIRTH__Core","Config\buffs.xml","buff","FuriousRamsayBuffRangedShockAura6","True","False","","missing_name"
"zzz_REBIRTH__Core","Config\buffs.xml","buff","FuriousRamsayBuffRangedShockAura7","True","False","","missing_name"
"zzz_REBIRTH__Core","Config\buffs.xml","buff","FuriousRamsayBuffRangedShockAura8","True","False","","missing_name"
"zzz_REBIRTH__Core","Config\buffs.xml","buff","FuriousRamsayBuffRangedShockAura9","True","False","","missing_name"
"zzz_REBIRTH__Core","Config\buffs.xml","buff","FuriousRamsayBuffRangedSlashesAura","True","False","","missing_name"
"zzz_REBIRTH__Core","Config\buffs.xml","buff","FuriousRamsayBuffRangedSlashesAura1","True","False","","missing_name"
"zzz_REBIRTH__Core","Config\buffs.xml","buff","FuriousRamsayBuffRangedSlashesAura10","True","False","","missing_name"
"zzz_REBIRTH__Core","Config\buffs.xml","buff","FuriousRamsayBuffRangedSlashesAura2","True","False","","missing_name"
"zzz_REBIRTH__Core","Config\buffs.xml","buff","FuriousRamsayBuffRangedSlashesAura3","True","False","","missing_name"
"zzz_REBIRTH__Core","Config\buffs.xml","buff","FuriousRamsayBuffRangedSlashesAura4","True","False","","missing_name"
"zzz_REBIRTH__Core","Config\buffs.xml","buff","FuriousRamsayBuffRangedSlashesAura5","True","False","","missing_name"
"zzz_REBIRTH__Core","Config\buffs.xml","buff","FuriousRamsayBuffRangedSlashesAura6","True","False","","missing_name"
"zzz_REBIRTH__Core","Config\buffs.xml","buff","FuriousRamsayBuffRangedSlashesAura7","True","False","","missing_name"
"zzz_REBIRTH__Core","Config\buffs.xml","buff","FuriousRamsayBuffRangedSlashesAura8","True","False","","missing_name"
"zzz_REBIRTH__Core","Config\buffs.xml","buff","FuriousRamsayBuffRangedSlashesAura9","True","False","","missing_name"
"zzz_REBIRTH__Core","Config\buffs.xml","buff","FuriousRamsayBuffRangedStunAura","True","False","","missing_name"
"zzz_REBIRTH__Core","Config\buffs.xml","buff","FuriousRamsayBuffRangedStunAura1","True","False","","missing_name"
"zzz_REBIRTH__Core","Config\buffs.xml","buff","FuriousRamsayBuffRangedStunAura10","True","False","","missing_name"
"zzz_REBIRTH__Core","Config\buffs.xml","buff","FuriousRamsayBuffRangedStunAura2","True","False","","missing_name"
"zzz_REBIRTH__Core","Config\buffs.xml","buff","FuriousRamsayBuffRangedStunAura3","True","False","","missing_name"
"zzz_REBIRTH__Core","Config\buffs.xml","buff","FuriousRamsayBuffRangedStunAura4","True","False","","missing_name"
"zzz_REBIRTH__Core","Config\buffs.xml","buff","FuriousRamsayBuffRangedStunAura5","True","False","","missing_name"
"zzz_REBIRTH__Core","Config\buffs.xml","buff","FuriousRamsayBuffRangedStunAura6","True","False","","missing_name"
"zzz_REBIRTH__Core","Config\buffs.xml","buff","FuriousRamsayBuffRangedStunAura7","True","False","","missing_name"
"zzz_REBIRTH__Core","Config\buffs.xml","buff","FuriousRamsayBuffRangedStunAura8","True","False","","missing_name"
"zzz_REBIRTH__Core","Config\buffs.xml","buff","FuriousRamsayBuffRangedStunAura9","True","False","","missing_name"
"zzz_REBIRTH__Core","Config\buffs.xml","buff","FuriousRamsayBuffResumeAttack","True","False","","missing_name"
"zzz_REBIRTH__Core","Config\buffs.xml","buff","FuriousRamsayBuffShadowAura","True","False","","missing_name"
"zzz_REBIRTH__Core","Config\buffs.xml","buff","FuriousRamsayBuffShadowAuraAlliesLvl1","True","False","","missing_name"
"zzz_REBIRTH__Core","Config\buffs.xml","buff","FuriousRamsayBuffShadowAuraAlliesLvl2","True","False","","missing_name"
"zzz_REBIRTH__Core","Config\buffs.xml","buff","FuriousRamsayBuffShadowAuraAlliesLvl3","True","False","","missing_name"
"zzz_REBIRTH__Core","Config\buffs.xml","buff","FuriousRamsayBuffStabilityAura","True","False","","missing_name"
"zzz_REBIRTH__Core","Config\buffs.xml","buff","FuriousRamsayBuffStabilityAuraAlliesLvl1","True","False","","missing_name"
"zzz_REBIRTH__Core","Config\buffs.xml","buff","FuriousRamsayBuffStabilityAuraAlliesLvl2","True","False","","missing_name"
"zzz_REBIRTH__Core","Config\buffs.xml","buff","FuriousRamsayBuffStabilityAuraAlliesLvl3","True","False","","missing_name"
"zzz_REBIRTH__Core","Config\buffs.xml","buff","FuriousRamsayBuffStaminaAura","True","False","","missing_name"
"zzz_REBIRTH__Core","Config\buffs.xml","buff","FuriousRamsayBuffStaminaAuraAlliesLvl1","True","False","","missing_name"
"zzz_REBIRTH__Core","Config\buffs.xml","buff","FuriousRamsayBuffStaminaAuraAlliesLvl2","True","False","","missing_name"
"zzz_REBIRTH__Core","Config\buffs.xml","buff","FuriousRamsayBuffStaminaAuraAlliesLvl3","True","False","","missing_name"
"zzz_REBIRTH__Core","Config\buffs.xml","buff","FuriousRamsayBuffTradeAura","True","False","","missing_name"
"zzz_REBIRTH__Core","Config\buffs.xml","buff","FuriousRamsayBuffTradeAuraAlliesLvl1","True","False","","missing_name"
"zzz_REBIRTH__Core","Config\buffs.xml","buff","FuriousRamsayBuffTradeAuraAlliesLvl2","True","False","","missing_name"
"zzz_REBIRTH__Core","Config\buffs.xml","buff","FuriousRamsayBuffTradeAuraAlliesLvl3","True","False","","missing_name"
"zzz_REBIRTH__Core","Config\buffs.xml","buff","FuriousRamsayBuffVerificationVerySlow","True","False","","missing_name"
"zzz_REBIRTH__Core","Config\buffs.xml","buff","FuriousRamsayBuffVitalityAura","True","False","","missing_name"
"zzz_REBIRTH__Core","Config\buffs.xml","buff","FuriousRamsayBuffVitalityAuraAlliesLvl1","True","False","","missing_name"
"zzz_REBIRTH__Core","Config\buffs.xml","buff","FuriousRamsayBuffVitalityAuraAlliesLvl2","True","False","","missing_name"
"zzz_REBIRTH__Core","Config\buffs.xml","buff","FuriousRamsayBuffVitalityAuraAlliesLvl3","True","False","","missing_name"
"zzz_REBIRTH__Core","Config\buffs.xml","buff","FuriousRamsayBurningTrapDamage","True","False","","missing_name"
"zzz_REBIRTH__Core","Config\buffs.xml","buff","FuriousRamsayBurningTrapDamageIdle","True","False","","missing_name"
"zzz_REBIRTH__Core","Config\buffs.xml","buff","FuriousRamsayBurningTrapDamageTrigger","True","False","","missing_name"
"zzz_REBIRTH__Core","Config\buffs.xml","buff","FuriousRamsayChickenCoopSchematicUnlock","True","False","","missing_name"
"zzz_REBIRTH__Core","Config\buffs.xml","buff","FuriousRamsayChickenPain","True","False","","missing_name"
"zzz_REBIRTH__Core","Config\buffs.xml","buff","FuriousRamsayClearScreenEffectDrunk","True","False","","missing_name"
"zzz_REBIRTH__Core","Config\buffs.xml","buff","FuriousRamsayCompanionCooldown","True","False","","missing_name"
"zzz_REBIRTH__Core","Config\buffs.xml","buff","FuriousRamsayCounterResistSmoke","True","False","","missing_name"
"zzz_REBIRTH__Core","Config\buffs.xml","buff","FuriousRamsayDamagedCooldownArrowRain","True","False","","missing_name"
"zzz_REBIRTH__Core","Config\buffs.xml","buff","FuriousRamsayDamagedCooldownRangedBleed","True","False","","missing_name"
"zzz_REBIRTH__Core","Config\buffs.xml","buff","FuriousRamsayDamagedCooldownRangedDismember","True","False","","missing_name"
"zzz_REBIRTH__Core","Config\buffs.xml","buff","FuriousRamsayDamagedCooldownRangedDoubleDamage","True","False","","missing_name"
"zzz_REBIRTH__Core","Config\buffs.xml","buff","FuriousRamsayDamagedCooldownRangedExplosion","True","False","","missing_name"
"zzz_REBIRTH__Core","Config\buffs.xml","buff","FuriousRamsayDamagedCooldownRangedShock","True","False","","missing_name"
"zzz_REBIRTH__Core","Config\buffs.xml","buff","FuriousRamsayDamagedCooldownRangedSlashes","True","False","","missing_name"
"zzz_REBIRTH__Core","Config\buffs.xml","buff","FuriousRamsayDamagedCooldownRangedStun","True","False","","missing_name"
"zzz_REBIRTH__Core","Config\buffs.xml","buff","FuriousRamsayDeathParticle","True","False","","missing_name"
"zzz_REBIRTH__Core","Config\buffs.xml","buff","FuriousRamsayDeathRageBuff","True","False","","missing_name"
"zzz_REBIRTH__Core","Config\buffs.xml","buff","FuriousRamsayDeathRageBuffCooldown","True","False","","missing_name"
"zzz_REBIRTH__Core","Config\buffs.xml","buff","FuriousRamsayDeathRageProtection","True","False","","missing_name"
"zzz_REBIRTH__Core","Config\buffs.xml","buff","FuriousRamsayDebuffs","True","False","","missing_name"
"zzz_REBIRTH__Core","Config\buffs.xml","buff","FuriousRamsayDefend","True","False","","missing_name"
"zzz_REBIRTH__Core","Config\buffs.xml","buff","FuriousRamsayDelay-10","True","False","","missing_name"
"zzz_REBIRTH__Core","Config\buffs.xml","buff","FuriousRamsayDelay-5","True","False","","missing_name"
"zzz_REBIRTH__Core","Config\buffs.xml","buff","FuriousRamsayDemonWindTornado","True","False","","missing_name"
"zzz_REBIRTH__Core","Config\buffs.xml","buff","FuriousRamsayDemonWindTornadoSpawns","True","False","","missing_name"
"zzz_REBIRTH__Core","Config\buffs.xml","buff","FuriousRamsayDespawnEntity","True","False","","missing_name"
"zzz_REBIRTH__Core","Config\buffs.xml","buff","FuriousRamsayDespawnInvisibleTimer","True","False","","missing_name"
"zzz_REBIRTH__Core","Config\buffs.xml","buff","FuriousRamsayDespawnMercenary","True","False","","missing_name"
"zzz_REBIRTH__Core","Config\buffs.xml","buff","FuriousRamsayDespawnMercenaryTier1","True","False","","missing_name"
"zzz_REBIRTH__Core","Config\buffs.xml","buff","FuriousRamsayDespawnMercenaryTier2","True","False","","missing_name"
"zzz_REBIRTH__Core","Config\buffs.xml","buff","FuriousRamsayDespawnMercenaryTier3","True","False","","missing_name"
"zzz_REBIRTH__Core","Config\buffs.xml","buff","FuriousRamsayDespawnMercenaryTier4","True","False","","missing_name"
"zzz_REBIRTH__Core","Config\buffs.xml","buff","FuriousRamsayDespawnMercenaryTier5","True","False","","missing_name"
"zzz_REBIRTH__Core","Config\buffs.xml","buff","FuriousRamsayDespawnStartTrader","True","False","","missing_name"
"zzz_REBIRTH__Core","Config\buffs.xml","buff","FuriousRamsayDespawnStartTraderAction","True","False","","missing_name"
"zzz_REBIRTH__Core","Config\buffs.xml","buff","FuriousRamsayDespawnTrader","True","False","","missing_name"
"zzz_REBIRTH__Core","Config\buffs.xml","buff","FuriousRamsayDespawnTraderBiome","True","False","","missing_name"
"zzz_REBIRTH__Core","Config\buffs.xml","buff","FuriousRamsayDismember1","True","False","","missing_name"
"zzz_REBIRTH__Core","Config\buffs.xml","buff","FuriousRamsayDismember10","True","False","","missing_name"
"zzz_REBIRTH__Core","Config\buffs.xml","buff","FuriousRamsayDismember2","True","False","","missing_name"
"zzz_REBIRTH__Core","Config\buffs.xml","buff","FuriousRamsayDismember3","True","False","","missing_name"
"zzz_REBIRTH__Core","Config\buffs.xml","buff","FuriousRamsayDismember4","True","False","","missing_name"
"zzz_REBIRTH__Core","Config\buffs.xml","buff","FuriousRamsayDismember5","True","False","","missing_name"
"zzz_REBIRTH__Core","Config\buffs.xml","buff","FuriousRamsayDismember6","True","False","","missing_name"
"zzz_REBIRTH__Core","Config\buffs.xml","buff","FuriousRamsayDismember7","True","False","","missing_name"
"zzz_REBIRTH__Core","Config\buffs.xml","buff","FuriousRamsayDismember8","True","False","","missing_name"
"zzz_REBIRTH__Core","Config\buffs.xml","buff","FuriousRamsayDismember9","True","False","","missing_name"
"zzz_REBIRTH__Core","Config\buffs.xml","buff","FuriousRamsayDismemberCooldown","True","False","","missing_name"
"zzz_REBIRTH__Core","Config\buffs.xml","buff","FuriousRamsayDismemberedHeadBanditFemale","True","False","","missing_name"
"zzz_REBIRTH__Core","Config\buffs.xml","buff","FuriousRamsayDismemberedHeadBanditMale","True","False","","missing_name"
"zzz_REBIRTH__Core","Config\buffs.xml","buff","FuriousRamsayDismemberedHeadCooldown","True","False","","missing_name"
"zzz_REBIRTH__Core","Config\buffs.xml","buff","FuriousRamsayDismemberedHeadCounter","True","False","","missing_name"
"zzz_REBIRTH__Core","Config\buffs.xml","buff","FuriousRamsayDismemberedHeadEnemyRobot","True","False","","missing_name"
"zzz_REBIRTH__Core","Config\buffs.xml","buff","FuriousRamsayDismemberedHeadMelee","True","False","","missing_name"
"zzz_REBIRTH__Core","Config\buffs.xml","buff","FuriousRamsayDismemberedHeadMeleeFemale","True","False","","missing_name"
"zzz_REBIRTH__Core","Config\buffs.xml","buff","FuriousRamsayDismemberedHeadMeleeMale","True","False","","missing_name"
"zzz_REBIRTH__Core","Config\buffs.xml","buff","FuriousRamsayDismemberedHeadRanged","True","False","","missing_name"
"zzz_REBIRTH__Core","Config\buffs.xml","buff","FuriousRamsayDismemberedHeadRangedFemale","True","False","","missing_name"
"zzz_REBIRTH__Core","Config\buffs.xml","buff","FuriousRamsayDismemberedHeadRangedMale","True","False","","missing_name"
"zzz_REBIRTH__Core","Config\buffs.xml","buff","FuriousRamsayDroidPartsHealTrigger","True","False","","missing_name"
"zzz_REBIRTH__Core","Config\buffs.xml","buff","FuriousRamsayDrugAntibioticsTrigger","True","False","","missing_name"
"zzz_REBIRTH__Core","Config\buffs.xml","buff","FuriousRamsayDrugHerbalAntibioticsTrigger","True","False","","missing_name"
"zzz_REBIRTH__Core","Config\buffs.xml","buff","FuriousRamsayDrugPainkillersTrigger","True","False","","missing_name"
"zzz_REBIRTH__Core","Config\buffs.xml","buff","FuriousRamsayDrugPrussianBlueTrigger","True","False","","missing_name"
"zzz_REBIRTH__Core","Config\buffs.xml","buff","FuriousRamsayDrugVitaminsTrigger","True","False","","missing_name"
"zzz_REBIRTH__Core","Config\buffs.xml","buff","FuriousRamsayDysentryDeath","True","False","","missing_name"
"zzz_REBIRTH__Core","Config\buffs.xml","buff","FuriousRamsayEarthDamageBoostYuccaJuice","True","False","","missing_name"
"zzz_REBIRTH__Core","Config\buffs.xml","buff","FuriousRamsayEndThunder","True","False","","missing_name"
"zzz_REBIRTH__Core","Config\buffs.xml","buff","FuriousRamsayEventSeekerCooldown","True","False","","missing_name"
"zzz_REBIRTH__Core","Config\buffs.xml","buff","FuriousRamsayEventTrigger","True","False","","missing_name"
"zzz_REBIRTH__Core","Config\buffs.xml","buff","FuriousRamsayEventWraithCooldown","True","False","","missing_name"
"zzz_REBIRTH__Core","Config\buffs.xml","buff","FuriousRamsayExplode","True","False","","missing_name"
"zzz_REBIRTH__Core","Config\buffs.xml","buff","FuriousRamsayExplodeCrateAfterTime","True","False","","missing_name"
"zzz_REBIRTH__Core","Config\buffs.xml","buff","FuriousRamsayExplodeDamage","True","False","","missing_name"
"zzz_REBIRTH__Core","Config\buffs.xml","buff","FuriousRamsayExplodeDamageTier1","True","False","","missing_name"
"zzz_REBIRTH__Core","Config\buffs.xml","buff","FuriousRamsayExplodeDamageTier2","True","False","","missing_name"
"zzz_REBIRTH__Core","Config\buffs.xml","buff","FuriousRamsayExplodeDamageTier3","True","False","","missing_name"
"zzz_REBIRTH__Core","Config\buffs.xml","buff","FuriousRamsayExplodeDamageTier4","True","False","","missing_name"
"zzz_REBIRTH__Core","Config\buffs.xml","buff","FuriousRamsayExplodeDamageTier5","True","False","","missing_name"
"zzz_REBIRTH__Core","Config\buffs.xml","buff","FuriousRamsayExplodeKnockdown","True","False","","missing_name"
"zzz_REBIRTH__Core","Config\buffs.xml","buff","FuriousRamsayExplosionParticle","True","False","","missing_name"
"zzz_REBIRTH__Core","Config\buffs.xml","buff","FuriousRamsayFireChainedAoEDamageTimer","True","False","","missing_name"
"zzz_REBIRTH__Core","Config\buffs.xml","buff","FuriousRamsayFireZombieAoEDamage","True","False","","missing_name"
"zzz_REBIRTH__Core","Config\buffs.xml","buff","FuriousRamsayFireZombieAoEDamageDisplay","True","False","","missing_name"
"zzz_REBIRTH__Core","Config\buffs.xml","buff","FuriousRamsayFireZombieAoEDamageTimer","True","False","","missing_name"
"zzz_REBIRTH__Core","Config\buffs.xml","buff","FuriousRamsayFireZombieDamage","True","False","","missing_name"
"zzz_REBIRTH__Core","Config\buffs.xml","buff","FuriousRamsayFoodBlueberryPie","True","False","","missing_name"
"zzz_REBIRTH__Core","Config\buffs.xml","buff","FuriousRamsayFoodChiliDog","True","False","","missing_name"
"zzz_REBIRTH__Core","Config\buffs.xml","buff","FuriousRamsayFoodFishTacos","True","False","","missing_name"
"zzz_REBIRTH__Core","Config\buffs.xml","buff","FuriousRamsayFoodGumboStew","True","False","","missing_name"
"zzz_REBIRTH__Core","Config\buffs.xml","buff","FuriousRamsayFoodHoboStew","True","False","","missing_name"
"zzz_REBIRTH__Core","Config\buffs.xml","buff","FuriousRamsayFoodHoneyTrigger","True","False","","missing_name"
"zzz_REBIRTH__Core","Config\buffs.xml","buff","FuriousRamsayFoodMeatStew","True","False","","missing_name"
"zzz_REBIRTH__Core","Config\buffs.xml","buff","FuriousRamsayFoodPumpkinBread","True","False","","missing_name"
"zzz_REBIRTH__Core","Config\buffs.xml","buff","FuriousRamsayFoodPumpkinCheesecake","True","False","","missing_name"
"zzz_REBIRTH__Core","Config\buffs.xml","buff","FuriousRamsayFoodPumpkinPie","True","False","","missing_name"
"zzz_REBIRTH__Core","Config\buffs.xml","buff","FuriousRamsayFoodShamChowder","True","False","","missing_name"
"zzz_REBIRTH__Core","Config\buffs.xml","buff","FuriousRamsayFoodShepardsPie","True","False","","missing_name"
"zzz_REBIRTH__Core","Config\buffs.xml","buff","FuriousRamsayFoodSpaghetti","True","False","","missing_name"
"zzz_REBIRTH__Core","Config\buffs.xml","buff","FuriousRamsayFoodSteakAndPotato","True","False","","missing_name"
"zzz_REBIRTH__Core","Config\buffs.xml","buff","FuriousRamsayFoodTunaFishGravyToast","True","False","","missing_name"
"zzz_REBIRTH__Core","Config\buffs.xml","buff","FuriousRamsayFoodVegetableStew","True","False","","missing_name"
"zzz_REBIRTH__Core","Config\buffs.xml","buff","FuriousRamsayFullAura","True","False","","missing_name"
"zzz_REBIRTH__Core","Config\buffs.xml","buff","FuriousRamsayGiveMiningClay","True","False","","missing_name"
"zzz_REBIRTH__Core","Config\buffs.xml","buff","FuriousRamsayGiveMiningCoal","True","False","","missing_name"
"zzz_REBIRTH__Core","Config\buffs.xml","buff","FuriousRamsayGiveMiningLead","True","False","","missing_name"
"zzz_REBIRTH__Core","Config\buffs.xml","buff","FuriousRamsayGiveMiningLogs","True","False","","missing_name"
"zzz_REBIRTH__Core","Config\buffs.xml","buff","FuriousRamsayGiveMiningNailandScrews","True","False","","missing_name"
"zzz_REBIRTH__Core","Config\buffs.xml","buff","FuriousRamsayGiveMiningNitrate","True","False","","missing_name"
"zzz_REBIRTH__Core","Config\buffs.xml","buff","FuriousRamsayGiveMiningSand","True","False","","missing_name"
"zzz_REBIRTH__Core","Config\buffs.xml","buff","FuriousRamsayGiveMiningSandPremium","True","False","","missing_name"
"zzz_REBIRTH__Core","Config\buffs.xml","buff","FuriousRamsayGiveMiningScrapIron","True","False","","missing_name"
"zzz_REBIRTH__Core","Config\buffs.xml","buff","FuriousRamsayGiveMiningShale","True","False","","missing_name"
"zzz_REBIRTH__Core","Config\buffs.xml","buff","FuriousRamsayGiveMiningShalePremium","True","False","","missing_name"
"zzz_REBIRTH__Core","Config\buffs.xml","buff","FuriousRamsayGoMiningClay","True","False","","missing_name"
"zzz_REBIRTH__Core","Config\buffs.xml","buff","FuriousRamsayGoMiningCoal","True","False","","missing_name"
"zzz_REBIRTH__Core","Config\buffs.xml","buff","FuriousRamsayGoMiningLead","True","False","","missing_name"
"zzz_REBIRTH__Core","Config\buffs.xml","buff","FuriousRamsayGoMiningLogs","True","False","","missing_name"
"zzz_REBIRTH__Core","Config\buffs.xml","buff","FuriousRamsayGoMiningNailandScrews","True","False","","missing_name"
"zzz_REBIRTH__Core","Config\buffs.xml","buff","FuriousRamsayGoMiningNitrate","True","False","","missing_name"
"zzz_REBIRTH__Core","Config\buffs.xml","buff","FuriousRamsayGoMiningSand","True","False","","missing_name"
"zzz_REBIRTH__Core","Config\buffs.xml","buff","FuriousRamsayGoMiningSandPremium","True","False","","missing_name"
"zzz_REBIRTH__Core","Config\buffs.xml","buff","FuriousRamsayGoMiningScrapIron","True","False","","missing_name"
"zzz_REBIRTH__Core","Config\buffs.xml","buff","FuriousRamsayGoMiningShale","True","False","","missing_name"
"zzz_REBIRTH__Core","Config\buffs.xml","buff","FuriousRamsayGoMiningShalePremium","True","False","","missing_name"
"zzz_REBIRTH__Core","Config\buffs.xml","buff","FuriousRamsayGrowSize1","True","False","","missing_name"
"zzz_REBIRTH__Core","Config\buffs.xml","buff","FuriousRamsayGrowStrongerHealthBoostTier01","True","False","","missing_name"
"zzz_REBIRTH__Core","Config\buffs.xml","buff","FuriousRamsayGrowStrongerHealthBoostTier02","True","False","","missing_name"
"zzz_REBIRTH__Core","Config\buffs.xml","buff","FuriousRamsayGrowStrongerHealthBoostTier03","True","False","","missing_name"
"zzz_REBIRTH__Core","Config\buffs.xml","buff","FuriousRamsayGrowStrongerHealthBoostTier04","True","False","","missing_name"
"zzz_REBIRTH__Core","Config\buffs.xml","buff","FuriousRamsayGrowStrongerHealthBoostTier05","True","False","","missing_name"
"zzz_REBIRTH__Core","Config\buffs.xml","buff","FuriousRamsayGrowStrongerHealthBoostTier06","True","False","","missing_name"
"zzz_REBIRTH__Core","Config\buffs.xml","buff","FuriousRamsayGrowStrongerHealthBoostTier07","True","False","","missing_name"
"zzz_REBIRTH__Core","Config\buffs.xml","buff","FuriousRamsayGrowStrongerHealthBoostTier08","True","False","","missing_name"
"zzz_REBIRTH__Core","Config\buffs.xml","buff","FuriousRamsayGrowStrongerHealthBoostTier09","True","False","","missing_name"
"zzz_REBIRTH__Core","Config\buffs.xml","buff","FuriousRamsayGrowStrongerHealthBoostTier10","True","False","","missing_name"
"zzz_REBIRTH__Core","Config\buffs.xml","buff","FuriousRamsayHammerCrafting","True","False","","missing_name"
"zzz_REBIRTH__Core","Config\buffs.xml","buff","FuriousRamsayHandItemDamageBlockTier1","True","False","","missing_name"
"zzz_REBIRTH__Core","Config\buffs.xml","buff","FuriousRamsayHandItemDamageBlockTier2","True","False","","missing_name"
"zzz_REBIRTH__Core","Config\buffs.xml","buff","FuriousRamsayHandItemDamageBlockTier3","True","False","","missing_name"
"zzz_REBIRTH__Core","Config\buffs.xml","buff","FuriousRamsayHandItemDamageBlockTier4","True","False","","missing_name"
"zzz_REBIRTH__Core","Config\buffs.xml","buff","FuriousRamsayHandItemDamageBlockTier5","True","False","","missing_name"
"zzz_REBIRTH__Core","Config\buffs.xml","buff","FuriousRamsayHandItemDamageFireZombie","True","False","","missing_name"
"zzz_REBIRTH__Core","Config\buffs.xml","buff","FuriousRamsayHandItemDamageFireZombieNoAoE","True","False","","missing_name"
"zzz_REBIRTH__Core","Config\buffs.xml","buff","FuriousRamsayHandItemDamageRadiationZombieTier1","True","False","","missing_name"
"zzz_REBIRTH__Core","Config\buffs.xml","buff","FuriousRamsayHandItemDamageRadiationZombieTier2","True","False","","missing_name"
"zzz_REBIRTH__Core","Config\buffs.xml","buff","FuriousRamsayHandItemDamageRadiationZombieTier3","True","False","","missing_name"
"zzz_REBIRTH__Core","Config\buffs.xml","buff","FuriousRamsayHandItemDamageRadiationZombieTier4","True","False","","missing_name"
"zzz_REBIRTH__Core","Config\buffs.xml","buff","FuriousRamsayHandItemDamageRadiationZombieTier5","True","False","","missing_name"
"zzz_REBIRTH__Core","Config\buffs.xml","buff","FuriousRamsayHandItemDamageShockZombie","True","False","","missing_name"
"zzz_REBIRTH__Core","Config\buffs.xml","buff","FuriousRamsayHandItemDamageSmokeZombieNoAoE","True","False","","missing_name"
"zzz_REBIRTH__Core","Config\buffs.xml","buff","FuriousRamsayHealParticle","True","False","","missing_name"
"zzz_REBIRTH__Core","Config\buffs.xml","buff","FuriousRamsayHelpRepair","True","False","","missing_name"
"zzz_REBIRTH__Core","Config\buffs.xml","buff","FuriousRamsayHelpRepairBuff","True","False","","missing_name"
"zzz_REBIRTH__Core","Config\buffs.xml","buff","FuriousRamsayHit","True","False","","missing_name"
"zzz_REBIRTH__Core","Config\buffs.xml","buff","FuriousRamsayIdleAnims2","True","False","","missing_name"
"zzz_REBIRTH__Core","Config\buffs.xml","buff","FuriousRamsayIdleAnims3","True","False","","missing_name"
"zzz_REBIRTH__Core","Config\buffs.xml","buff","FuriousRamsayIdleAnims4","True","False","","missing_name"
"zzz_REBIRTH__Core","Config\buffs.xml","buff","FuriousRamsayIdleAnims5","True","False","","missing_name"
"zzz_REBIRTH__Core","Config\buffs.xml","buff","FuriousRamsayIncreaseCharismaXPTier1","True","False","","missing_name"
"zzz_REBIRTH__Core","Config\buffs.xml","buff","FuriousRamsayIncreaseCharismaXPTier2","True","False","","missing_name"
"zzz_REBIRTH__Core","Config\buffs.xml","buff","FuriousRamsayIncreaseCharismaXPTier3","True","False","","missing_name"
"zzz_REBIRTH__Core","Config\buffs.xml","buff","FuriousRamsayIncreaseCharismaXPTier4","True","False","","missing_name"
"zzz_REBIRTH__Core","Config\buffs.xml","buff","FuriousRamsayIncreaseCharismaXPTier5","True","False","","missing_name"
"zzz_REBIRTH__Core","Config\buffs.xml","buff","FuriousRamsayIncreaseCharismaXPTier6","True","False","","missing_name"
"zzz_REBIRTH__Core","Config\buffs.xml","buff","FuriousRamsayInvisibleVanish","True","False","","missing_name"
"zzz_REBIRTH__Core","Config\buffs.xml","buff","FuriousRamsayItemsWeaponsKnuckles003_FRKnockdownDamage","True","False","","missing_name"
"zzz_REBIRTH__Core","Config\buffs.xml","buff","FuriousRamsayItemsWeaponsKnuckles003_FRPrimary","True","False","","missing_name"
"zzz_REBIRTH__Core","Config\buffs.xml","buff","FuriousRamsayItemsWeaponsKnuckles003_FRSecondary","True","False","","missing_name"
"zzz_REBIRTH__Core","Config\buffs.xml","buff","FuriousRamsayJunkTurretCooldown","True","False","","missing_name"
"zzz_REBIRTH__Core","Config\buffs.xml","buff","FuriousRamsayKamikazeDecayTier1","True","False","","missing_name"
"zzz_REBIRTH__Core","Config\buffs.xml","buff","FuriousRamsayKamikazeDecayTier2","True","False","","missing_name"
"zzz_REBIRTH__Core","Config\buffs.xml","buff","FuriousRamsayKamikazeDecayTier3","True","False","","missing_name"
"zzz_REBIRTH__Core","Config\buffs.xml","buff","FuriousRamsayKamikazeDecayTier4","True","False","","missing_name"
"zzz_REBIRTH__Core","Config\buffs.xml","buff","FuriousRamsayKamikazeDecayTier5","True","False","","missing_name"
"zzz_REBIRTH__Core","Config\buffs.xml","buff","FuriousRamsayKamikazeTriggerTier1","True","False","","missing_name"
"zzz_REBIRTH__Core","Config\buffs.xml","buff","FuriousRamsayKamikazeTriggerTier2","True","False","","missing_name"
"zzz_REBIRTH__Core","Config\buffs.xml","buff","FuriousRamsayKamikazeTriggerTier3","True","False","","missing_name"
"zzz_REBIRTH__Core","Config\buffs.xml","buff","FuriousRamsayKnifeSlashesParticle","True","False","","missing_name"
"zzz_REBIRTH__Core","Config\buffs.xml","buff","FuriousRamsayKnifeSlashesParticle1","True","False","","missing_name"
"zzz_REBIRTH__Core","Config\buffs.xml","buff","FuriousRamsayKnifeSlashesParticle10","True","False","","missing_name"
"zzz_REBIRTH__Core","Config\buffs.xml","buff","FuriousRamsayKnifeSlashesParticle2","True","False","","missing_name"
"zzz_REBIRTH__Core","Config\buffs.xml","buff","FuriousRamsayKnifeSlashesParticle3","True","False","","missing_name"
"zzz_REBIRTH__Core","Config\buffs.xml","buff","FuriousRamsayKnifeSlashesParticle4","True","False","","missing_name"
"zzz_REBIRTH__Core","Config\buffs.xml","buff","FuriousRamsayKnifeSlashesParticle5","True","False","","missing_name"
"zzz_REBIRTH__Core","Config\buffs.xml","buff","FuriousRamsayKnifeSlashesParticle6","True","False","","missing_name"
"zzz_REBIRTH__Core","Config\buffs.xml","buff","FuriousRamsayKnifeSlashesParticle7","True","False","","missing_name"
"zzz_REBIRTH__Core","Config\buffs.xml","buff","FuriousRamsayKnifeSlashesParticle8","True","False","","missing_name"
"zzz_REBIRTH__Core","Config\buffs.xml","buff","FuriousRamsayKnifeSlashesParticle9","True","False","","missing_name"
"zzz_REBIRTH__Core","Config\buffs.xml","buff","FuriousRamsayKnifeSlashesParticleAoE1","True","False","","missing_name"
"zzz_REBIRTH__Core","Config\buffs.xml","buff","FuriousRamsayKnifeSlashesParticleAoE10","True","False","","missing_name"
"zzz_REBIRTH__Core","Config\buffs.xml","buff","FuriousRamsayKnifeSlashesParticleAoE2","True","False","","missing_name"
"zzz_REBIRTH__Core","Config\buffs.xml","buff","FuriousRamsayKnifeSlashesParticleAoE3","True","False","","missing_name"
"zzz_REBIRTH__Core","Config\buffs.xml","buff","FuriousRamsayKnifeSlashesParticleAoE4","True","False","","missing_name"
"zzz_REBIRTH__Core","Config\buffs.xml","buff","FuriousRamsayKnifeSlashesParticleAoE5","True","False","","missing_name"
"zzz_REBIRTH__Core","Config\buffs.xml","buff","FuriousRamsayKnifeSlashesParticleAoE6","True","False","","missing_name"
"zzz_REBIRTH__Core","Config\buffs.xml","buff","FuriousRamsayKnifeSlashesParticleAoE7","True","False","","missing_name"
"zzz_REBIRTH__Core","Config\buffs.xml","buff","FuriousRamsayKnifeSlashesParticleAoE8","True","False","","missing_name"
"zzz_REBIRTH__Core","Config\buffs.xml","buff","FuriousRamsayKnifeSlashesParticleAoE9","True","False","","missing_name"
"zzz_REBIRTH__Core","Config\buffs.xml","buff","FuriousRamsayKnockdown","True","False","","missing_name"
"zzz_REBIRTH__Core","Config\buffs.xml","buff","FuriousRamsayKnockdownBerserkerTier1","True","False","","missing_name"
"zzz_REBIRTH__Core","Config\buffs.xml","buff","FuriousRamsayKnockdownBerserkerTier10","True","False","","missing_name"
"zzz_REBIRTH__Core","Config\buffs.xml","buff","FuriousRamsayKnockdownBerserkerTier11","True","False","","missing_name"
"zzz_REBIRTH__Core","Config\buffs.xml","buff","FuriousRamsayKnockdownBerserkerTier12","True","False","","missing_name"
"zzz_REBIRTH__Core","Config\buffs.xml","buff","FuriousRamsayKnockdownBerserkerTier13","True","False","","missing_name"
"zzz_REBIRTH__Core","Config\buffs.xml","buff","FuriousRamsayKnockdownBerserkerTier14","True","False","","missing_name"
"zzz_REBIRTH__Core","Config\buffs.xml","buff","FuriousRamsayKnockdownBerserkerTier15","True","False","","missing_name"
"zzz_REBIRTH__Core","Config\buffs.xml","buff","FuriousRamsayKnockdownBerserkerTier2","True","False","","missing_name"
"zzz_REBIRTH__Core","Config\buffs.xml","buff","FuriousRamsayKnockdownBerserkerTier3","True","False","","missing_name"
"zzz_REBIRTH__Core","Config\buffs.xml","buff","FuriousRamsayKnockdownBerserkerTier4","True","False","","missing_name"
"zzz_REBIRTH__Core","Config\buffs.xml","buff","FuriousRamsayKnockdownBerserkerTier5","True","False","","missing_name"
"zzz_REBIRTH__Core","Config\buffs.xml","buff","FuriousRamsayKnockdownBerserkerTier6","True","False","","missing_name"
"zzz_REBIRTH__Core","Config\buffs.xml","buff","FuriousRamsayKnockdownBerserkerTier7","True","False","","missing_name"
"zzz_REBIRTH__Core","Config\buffs.xml","buff","FuriousRamsayKnockdownBerserkerTier8","True","False","","missing_name"
"zzz_REBIRTH__Core","Config\buffs.xml","buff","FuriousRamsayKnockdownBerserkerTier9","True","False","","missing_name"
"zzz_REBIRTH__Core","Config\buffs.xml","buff","FuriousRamsayKnockdownCooldown","True","False","","missing_name"
"zzz_REBIRTH__Core","Config\buffs.xml","buff","FuriousRamsayKnockdownDamageAoE","True","False","","missing_name"
"zzz_REBIRTH__Core","Config\buffs.xml","buff","FuriousRamsayMadmanDecoyExplode","True","False","","missing_name"
"zzz_REBIRTH__Core","Config\buffs.xml","buff","FuriousRamsayMadmanDecoyExplodeTier1","True","False","","missing_name"
"zzz_REBIRTH__Core","Config\buffs.xml","buff","FuriousRamsayMadmanDecoyExplodeTier2","True","False","","missing_name"
"zzz_REBIRTH__Core","Config\buffs.xml","buff","FuriousRamsayMadmanDecoyExplodeTier3","True","False","","missing_name"
"zzz_REBIRTH__Core","Config\buffs.xml","buff","FuriousRamsayMadmanDecoyExplodeTier4","True","False","","missing_name"
"zzz_REBIRTH__Core","Config\buffs.xml","buff","FuriousRamsayMadmanDecoyExplodeTier5","True","False","","missing_name"
"zzz_REBIRTH__Core","Config\buffs.xml","buff","FuriousRamsayMadmanExplosionAoECooldown","True","False","","missing_name"
"zzz_REBIRTH__Core","Config\buffs.xml","buff","FuriousRamsayMaxHealth","True","False","","missing_name"
"zzz_REBIRTH__Core","Config\buffs.xml","buff","FuriousRamsayMedicalBandageTrigger","True","False","","missing_name"
"zzz_REBIRTH__Core","Config\buffs.xml","buff","FuriousRamsayMedicalFirstAidBandageTrigger","True","False","","missing_name"
"zzz_REBIRTH__Core","Config\buffs.xml","buff","FuriousRamsayMedicalFirstAidKitTrigger","True","False","","missing_name"
"zzz_REBIRTH__Core","Config\buffs.xml","buff","FuriousRamsayMedicalPlasterCastTrigger","True","False","","missing_name"
"zzz_REBIRTH__Core","Config\buffs.xml","buff","FuriousRamsayMedicalSplintTrigger","True","False","","missing_name"
"zzz_REBIRTH__Core","Config\buffs.xml","buff","FuriousRamsayMeleeKnockdownBuff","True","False","","missing_name"
"zzz_REBIRTH__Core","Config\buffs.xml","buff","FuriousRamsayMercenariesBuffTier1","True","False","","missing_name"
"zzz_REBIRTH__Core","Config\buffs.xml","buff","FuriousRamsayMercenariesBuffTier1Cooldown","True","False","","missing_name"
"zzz_REBIRTH__Core","Config\buffs.xml","buff","FuriousRamsayMercenariesBuffTier2","True","False","","missing_name"
"zzz_REBIRTH__Core","Config\buffs.xml","buff","FuriousRamsayMercenariesBuffTier2Cooldown","True","False","","missing_name"
"zzz_REBIRTH__Core","Config\buffs.xml","buff","FuriousRamsayMercenariesBuffTier3","True","False","","missing_name"
"zzz_REBIRTH__Core","Config\buffs.xml","buff","FuriousRamsayMercenariesBuffTier3Cooldown","True","False","","missing_name"
"zzz_REBIRTH__Core","Config\buffs.xml","buff","FuriousRamsayMercenariesBuffTier4","True","False","","missing_name"
"zzz_REBIRTH__Core","Config\buffs.xml","buff","FuriousRamsayMercenariesBuffTier4Cooldown","True","False","","missing_name"
"zzz_REBIRTH__Core","Config\buffs.xml","buff","FuriousRamsayMercenariesBuffTier5","True","False","","missing_name"
"zzz_REBIRTH__Core","Config\buffs.xml","buff","FuriousRamsayMercenariesBuffTier5Cooldown","True","False","","missing_name"
"zzz_REBIRTH__Core","Config\buffs.xml","buff","FuriousRamsayMercenariesManualActivationTier1","True","False","","missing_name"
"zzz_REBIRTH__Core","Config\buffs.xml","buff","FuriousRamsayMercenariesManualActivationTier2","True","False","","missing_name"
"zzz_REBIRTH__Core","Config\buffs.xml","buff","FuriousRamsayMercenariesManualActivationTier3","True","False","","missing_name"
"zzz_REBIRTH__Core","Config\buffs.xml","buff","FuriousRamsayMercenariesManualActivationTier4","True","False","","missing_name"
"zzz_REBIRTH__Core","Config\buffs.xml","buff","FuriousRamsayMercenariesManualActivationTier5","True","False","","missing_name"
"zzz_REBIRTH__Core","Config\buffs.xml","buff","FuriousRamsayMindControlBonus1","True","False","","missing_name"
"zzz_REBIRTH__Core","Config\buffs.xml","buff","FuriousRamsayMindControlBonus10","True","False","","missing_name"
"zzz_REBIRTH__Core","Config\buffs.xml","buff","FuriousRamsayMindControlBonus2","True","False","","missing_name"
"zzz_REBIRTH__Core","Config\buffs.xml","buff","FuriousRamsayMindControlBonus3","True","False","","missing_name"
"zzz_REBIRTH__Core","Config\buffs.xml","buff","FuriousRamsayMindControlBonus4","True","False","","missing_name"
"zzz_REBIRTH__Core","Config\buffs.xml","buff","FuriousRamsayMindControlBonus5","True","False","","missing_name"
"zzz_REBIRTH__Core","Config\buffs.xml","buff","FuriousRamsayMindControlBonus6","True","False","","missing_name"
"zzz_REBIRTH__Core","Config\buffs.xml","buff","FuriousRamsayMindControlBonus7","True","False","","missing_name"
"zzz_REBIRTH__Core","Config\buffs.xml","buff","FuriousRamsayMindControlBonus8","True","False","","missing_name"
"zzz_REBIRTH__Core","Config\buffs.xml","buff","FuriousRamsayMindControlBonus9","True","False","","missing_name"
"zzz_REBIRTH__Core","Config\buffs.xml","buff","FuriousRamsayMindControlBrewBuff","True","False","","missing_name"
"zzz_REBIRTH__Core","Config\buffs.xml","buff","FuriousRamsayMindControlCooldown","True","False","","missing_name"
"zzz_REBIRTH__Core","Config\buffs.xml","buff","FuriousRamsayMindControlEndBonus","True","False","","missing_name"
"zzz_REBIRTH__Core","Config\buffs.xml","buff","FuriousRamsayMindControlParticle","True","False","","missing_name"
"zzz_REBIRTH__Core","Config\buffs.xml","buff","FuriousRamsayMindControlPotionCooldown","True","False","","missing_name"
"zzz_REBIRTH__Core","Config\buffs.xml","buff","FuriousRamsayMinionBuff2","True","False","","missing_name"
"zzz_REBIRTH__Core","Config\buffs.xml","buff","FuriousRamsayMinionBuffTier1","True","False","","missing_name"
"zzz_REBIRTH__Core","Config\buffs.xml","buff","FuriousRamsayMinionBuffTier1Feral","True","False","","missing_name"
"zzz_REBIRTH__Core","Config\buffs.xml","buff","FuriousRamsayMinionBuffTier1NoSpeed","True","False","","missing_name"
"zzz_REBIRTH__Core","Config\buffs.xml","buff","FuriousRamsayMinionBuffTier1Radiated","True","False","","missing_name"
"zzz_REBIRTH__Core","Config\buffs.xml","buff","FuriousRamsayMinionBuffTier2","True","False","","missing_name"
"zzz_REBIRTH__Core","Config\buffs.xml","buff","FuriousRamsayMinionBuffTier2NoSpeed","True","False","","missing_name"
"zzz_REBIRTH__Core","Config\buffs.xml","buff","FuriousRamsayMinionBuffTier3","True","False","","missing_name"
"zzz_REBIRTH__Core","Config\buffs.xml","buff","FuriousRamsayMinionBuffTier3NoSpeed","True","False","","missing_name"
"zzz_REBIRTH__Core","Config\buffs.xml","buff","FuriousRamsayMinionBuffTier4","True","False","","missing_name"
"zzz_REBIRTH__Core","Config\buffs.xml","buff","FuriousRamsayMinionBuffTier4NoSpeed","True","False","","missing_name"
"zzz_REBIRTH__Core","Config\buffs.xml","buff","FuriousRamsayMinionBuffTier5","True","False","","missing_name"
"zzz_REBIRTH__Core","Config\buffs.xml","buff","FuriousRamsayMinionBuffTier5NoSpeed","True","False","","missing_name"
"zzz_REBIRTH__Core","Config\buffs.xml","buff","FuriousRamsayMobilityBoostRedTea","True","False","","missing_name"
"zzz_REBIRTH__Core","Config\buffs.xml","buff","FuriousRamsayMutantGrowlPlayerDamage","True","False","","missing_name"
"zzz_REBIRTH__Core","Config\buffs.xml","buff","FuriousRamsayMutantGrowlTier1","True","False","","missing_name"
"zzz_REBIRTH__Core","Config\buffs.xml","buff","FuriousRamsayMutantGrowlTier2","True","False","","missing_name"
"zzz_REBIRTH__Core","Config\buffs.xml","buff","FuriousRamsayMutantGrowlTier3","True","False","","missing_name"
"zzz_REBIRTH__Core","Config\buffs.xml","buff","FuriousRamsayMutantGrowlTier4","True","False","","missing_name"
"zzz_REBIRTH__Core","Config\buffs.xml","buff","FuriousRamsayMutantGrowlTier5","True","False","","missing_name"
"zzz_REBIRTH__Core","Config\buffs.xml","buff","FuriousRamsayMutantGrowlTier6","True","False","","missing_name"
"zzz_REBIRTH__Core","Config\buffs.xml","buff","FuriousRamsayMutantGrowlTier7","True","False","","missing_name"
"zzz_REBIRTH__Core","Config\buffs.xml","buff","FuriousRamsayNanoSpawnSound","True","False","","missing_name"
"zzz_REBIRTH__Core","Config\buffs.xml","buff","FuriousRamsayNothing","True","False","","missing_name"
"zzz_REBIRTH__Core","Config\buffs.xml","buff","FuriousRamsayNPC3Attacks","True","False","","missing_name"
"zzz_REBIRTH__Core","Config\buffs.xml","buff","FuriousRamsayNPCBossBuffTier1","True","False","","missing_name"
"zzz_REBIRTH__Core","Config\buffs.xml","buff","FuriousRamsayNPCBossBuffTier2","True","False","","missing_name"
"zzz_REBIRTH__Core","Config\buffs.xml","buff","FuriousRamsayNPCBossBuffTier3","True","False","","missing_name"
"zzz_REBIRTH__Core","Config\buffs.xml","buff","FuriousRamsayNPCBossBuffTier4","True","False","","missing_name"
"zzz_REBIRTH__Core","Config\buffs.xml","buff","FuriousRamsayNPCBossBuffTier5","True","False","","missing_name"
"zzz_REBIRTH__Core","Config\buffs.xml","buff","FuriousRamsayNPCCanSeeTarget","True","False","","missing_name"
"zzz_REBIRTH__Core","Config\buffs.xml","buff","FuriousRamsayNPCCleanup","True","False","","missing_name"
"zzz_REBIRTH__Core","Config\buffs.xml","buff","FuriousRamsayNPCKillingSpree","True","False","","missing_name"
"zzz_REBIRTH__Core","Config\buffs.xml","buff","FuriousRamsayNPCKillingSpreeHN","True","False","","missing_name"
"zzz_REBIRTH__Core","Config\buffs.xml","buff","FuriousRamsayNPCMinionBuffTier1","True","False","","missing_name"
"zzz_REBIRTH__Core","Config\buffs.xml","buff","FuriousRamsayNPCMinionBuffTier2","True","False","","missing_name"
"zzz_REBIRTH__Core","Config\buffs.xml","buff","FuriousRamsayNPCMinionBuffTier3","True","False","","missing_name"
"zzz_REBIRTH__Core","Config\buffs.xml","buff","FuriousRamsayNPCMinionBuffTier4","True","False","","missing_name"
"zzz_REBIRTH__Core","Config\buffs.xml","buff","FuriousRamsayNPCMinionBuffTier5","True","False","","missing_name"
"zzz_REBIRTH__Core","Config\buffs.xml","buff","FuriousRamsayNPCOnFire","True","False","","missing_name"
"zzz_REBIRTH__Core","Config\buffs.xml","buff","FuriousRamsayNPCOtherAttackedSelf","True","False","","missing_name"
"zzz_REBIRTH__Core","Config\buffs.xml","buff","FuriousRamsayNPCOtherDamagedSelf","True","False","","missing_name"
"zzz_REBIRTH__Core","Config\buffs.xml","buff","FuriousRamsayNPCPain3Hits","True","False","","missing_name"
"zzz_REBIRTH__Core","Config\buffs.xml","buff","FuriousRamsayNPCRandom","True","False","","missing_name"
"zzz_REBIRTH__Core","Config\buffs.xml","buff","FuriousRamsayNPCSelfKilledOther","True","False","","missing_name"
"zzz_REBIRTH__Core","Config\buffs.xml","buff","FuriousRamsayNPCSelfKilledOtherKillingSpree","True","False","","missing_name"
"zzz_REBIRTH__Core","Config\buffs.xml","buff","FuriousRamsayNPCSilencer","True","False","","missing_name"
"zzz_REBIRTH__Core","Config\buffs.xml","buff","FuriousRamsayNPCSupportBuffTier1","True","False","","missing_name"
"zzz_REBIRTH__Core","Config\buffs.xml","buff","FuriousRamsayNPCSupportBuffTier2","True","False","","missing_name"
"zzz_REBIRTH__Core","Config\buffs.xml","buff","FuriousRamsayNPCSupportBuffTier3","True","False","","missing_name"
"zzz_REBIRTH__Core","Config\buffs.xml","buff","FuriousRamsayNPCSupportBuffTier4","True","False","","missing_name"
"zzz_REBIRTH__Core","Config\buffs.xml","buff","FuriousRamsayNPCSupportBuffTier5","True","False","","missing_name"
"zzz_REBIRTH__Core","Config\buffs.xml","buff","FuriousRamsayOffensiveRageBuffCooldown","True","False","","missing_name"
"zzz_REBIRTH__Core","Config\buffs.xml","buff","FuriousRamsayOffensiveRageBuffTier1","True","False","","missing_name"
"zzz_REBIRTH__Core","Config\buffs.xml","buff","FuriousRamsayOffensiveRageBuffTier10","True","False","","missing_name"
"zzz_REBIRTH__Core","Config\buffs.xml","buff","FuriousRamsayOffensiveRageBuffTier11","True","False","","missing_name"
"zzz_REBIRTH__Core","Config\buffs.xml","buff","FuriousRamsayOffensiveRageBuffTier12","True","False","","missing_name"
"zzz_REBIRTH__Core","Config\buffs.xml","buff","FuriousRamsayOffensiveRageBuffTier13","True","False","","missing_name"
"zzz_REBIRTH__Core","Config\buffs.xml","buff","FuriousRamsayOffensiveRageBuffTier14","True","False","","missing_name"
"zzz_REBIRTH__Core","Config\buffs.xml","buff","FuriousRamsayOffensiveRageBuffTier15","True","False","","missing_name"
"zzz_REBIRTH__Core","Config\buffs.xml","buff","FuriousRamsayOffensiveRageBuffTier2","True","False","","missing_name"
"zzz_REBIRTH__Core","Config\buffs.xml","buff","FuriousRamsayOffensiveRageBuffTier3","True","False","","missing_name"
"zzz_REBIRTH__Core","Config\buffs.xml","buff","FuriousRamsayOffensiveRageBuffTier4","True","False","","missing_name"
"zzz_REBIRTH__Core","Config\buffs.xml","buff","FuriousRamsayOffensiveRageBuffTier5","True","False","","missing_name"
"zzz_REBIRTH__Core","Config\buffs.xml","buff","FuriousRamsayOffensiveRageBuffTier6","True","False","","missing_name"
"zzz_REBIRTH__Core","Config\buffs.xml","buff","FuriousRamsayOffensiveRageBuffTier7","True","False","","missing_name"
"zzz_REBIRTH__Core","Config\buffs.xml","buff","FuriousRamsayOffensiveRageBuffTier8","True","False","","missing_name"
"zzz_REBIRTH__Core","Config\buffs.xml","buff","FuriousRamsayOffensiveRageBuffTier9","True","False","","missing_name"
"zzz_REBIRTH__Core","Config\buffs.xml","buff","FuriousRamsayOtherDamagedSelfConstitutionTier1","True","False","","missing_name"
"zzz_REBIRTH__Core","Config\buffs.xml","buff","FuriousRamsayOtherDamagedSelfConstitutionTier2","True","False","","missing_name"
"zzz_REBIRTH__Core","Config\buffs.xml","buff","FuriousRamsayOtherDamagedSelfConstitutionTier3","True","False","","missing_name"
"zzz_REBIRTH__Core","Config\buffs.xml","buff","FuriousRamsayOtherDamagedSelfConstitutionTier4","True","False","","missing_name"
"zzz_REBIRTH__Core","Config\buffs.xml","buff","FuriousRamsayOtherDamagedSelfConstitutionTier5","True","False","","missing_name"
"zzz_REBIRTH__Core","Config\buffs.xml","buff","FuriousRamsayOtherDamagedSelfCountdown","True","False","","missing_name"
"zzz_REBIRTH__Core","Config\buffs.xml","buff","FuriousRamsayPainResistanceBoostBeer","True","False","","missing_name"
"zzz_REBIRTH__Core","Config\buffs.xml","buff","FuriousRamsayPantherMindControlRandom","True","False","","missing_name"
"zzz_REBIRTH__Core","Config\buffs.xml","buff","FuriousRamsayParticleVanish","True","False","","missing_name"
"zzz_REBIRTH__Core","Config\buffs.xml","buff","FuriousRamsayPermadeath","True","False","","missing_name"
"zzz_REBIRTH__Core","Config\buffs.xml","buff","FuriousRamsayPoppyCooldownDefault","True","False","","missing_name"
"zzz_REBIRTH__Core","Config\buffs.xml","buff","FuriousRamsayPoppyDelay","True","False","","missing_name"
"zzz_REBIRTH__Core","Config\buffs.xml","buff","FuriousRamsayProcessBaseEvents","True","False","","missing_name"
"zzz_REBIRTH__Core","Config\buffs.xml","buff","FuriousRamsayProcessRespawnDebuffs","True","False","","missing_name"
"zzz_REBIRTH__Core","Config\buffs.xml","buff","FuriousRamsayProtectionShieldTrigger","True","False","","missing_name"
"zzz_REBIRTH__Core","Config\buffs.xml","buff","FuriousRamsayRadiatedAoEDamageTier1","True","False","","missing_name"
"zzz_REBIRTH__Core","Config\buffs.xml","buff","FuriousRamsayRadiatedAoEDamageTier2","True","False","","missing_name"
"zzz_REBIRTH__Core","Config\buffs.xml","buff","FuriousRamsayRadiatedAoEDamageTier3","True","False","","missing_name"
"zzz_REBIRTH__Core","Config\buffs.xml","buff","FuriousRamsayRadiatedAoEDamageTier4","True","False","","missing_name"
"zzz_REBIRTH__Core","Config\buffs.xml","buff","FuriousRamsayRadiatedAoEDamageTier5","True","False","","missing_name"
"zzz_REBIRTH__Core","Config\buffs.xml","buff","FuriousRamsayRadiatedAoEDamageTimerTier1","True","False","","missing_name"
"zzz_REBIRTH__Core","Config\buffs.xml","buff","FuriousRamsayRadiatedAoEDamageTimerTier2","True","False","","missing_name"
"zzz_REBIRTH__Core","Config\buffs.xml","buff","FuriousRamsayRadiatedAoEDamageTimerTier3","True","False","","missing_name"
"zzz_REBIRTH__Core","Config\buffs.xml","buff","FuriousRamsayRadiatedAoEDamageTimerTier4","True","False","","missing_name"
"zzz_REBIRTH__Core","Config\buffs.xml","buff","FuriousRamsayRadiatedAoEDamageTimerTier5","True","False","","missing_name"
"zzz_REBIRTH__Core","Config\buffs.xml","buff","FuriousRamsayRagdollActive","True","False","","missing_name"
"zzz_REBIRTH__Core","Config\buffs.xml","buff","FuriousRamsayRagdollRecovery","True","False","","missing_name"
"zzz_REBIRTH__Core","Config\buffs.xml","buff","FuriousRamsayRageBuffCooldownTier1","True","False","","missing_name"
"zzz_REBIRTH__Core","Config\buffs.xml","buff","FuriousRamsayRageBuffCooldownTier10","True","False","","missing_name"
"zzz_REBIRTH__Core","Config\buffs.xml","buff","FuriousRamsayRageBuffCooldownTier11","True","False","","missing_name"
"zzz_REBIRTH__Core","Config\buffs.xml","buff","FuriousRamsayRageBuffCooldownTier12","True","False","","missing_name"
"zzz_REBIRTH__Core","Config\buffs.xml","buff","FuriousRamsayRageBuffCooldownTier13","True","False","","missing_name"
"zzz_REBIRTH__Core","Config\buffs.xml","buff","FuriousRamsayRageBuffCooldownTier14","True","False","","missing_name"
"zzz_REBIRTH__Core","Config\buffs.xml","buff","FuriousRamsayRageBuffCooldownTier15","True","False","","missing_name"
"zzz_REBIRTH__Core","Config\buffs.xml","buff","FuriousRamsayRageBuffCooldownTier2","True","False","","missing_name"
"zzz_REBIRTH__Core","Config\buffs.xml","buff","FuriousRamsayRageBuffCooldownTier3","True","False","","missing_name"
"zzz_REBIRTH__Core","Config\buffs.xml","buff","FuriousRamsayRageBuffCooldownTier4","True","False","","missing_name"
"zzz_REBIRTH__Core","Config\buffs.xml","buff","FuriousRamsayRageBuffCooldownTier5","True","False","","missing_name"
"zzz_REBIRTH__Core","Config\buffs.xml","buff","FuriousRamsayRageBuffCooldownTier6","True","False","","missing_name"
"zzz_REBIRTH__Core","Config\buffs.xml","buff","FuriousRamsayRageBuffCooldownTier7","True","False","","missing_name"
"zzz_REBIRTH__Core","Config\buffs.xml","buff","FuriousRamsayRageBuffCooldownTier8","True","False","","missing_name"
"zzz_REBIRTH__Core","Config\buffs.xml","buff","FuriousRamsayRageBuffCooldownTier9","True","False","","missing_name"
"zzz_REBIRTH__Core","Config\buffs.xml","buff","FuriousRamsayRageBuffOther","True","False","","missing_name"
"zzz_REBIRTH__Core","Config\buffs.xml","buff","FuriousRamsayRageBuffOtherCooldown","True","False","","missing_name"
"zzz_REBIRTH__Core","Config\buffs.xml","buff","FuriousRamsayRageBuffRagePantherCooldown","True","False","","missing_name"
"zzz_REBIRTH__Core","Config\buffs.xml","buff","FuriousRamsayRageBuffTier1","True","False","","missing_name"
"zzz_REBIRTH__Core","Config\buffs.xml","buff","FuriousRamsayRageBuffTier10","True","False","","missing_name"
"zzz_REBIRTH__Core","Config\buffs.xml","buff","FuriousRamsayRageBuffTier11","True","False","","missing_name"
"zzz_REBIRTH__Core","Config\buffs.xml","buff","FuriousRamsayRageBuffTier12","True","False","","missing_name"
"zzz_REBIRTH__Core","Config\buffs.xml","buff","FuriousRamsayRageBuffTier13","True","False","","missing_name"
"zzz_REBIRTH__Core","Config\buffs.xml","buff","FuriousRamsayRageBuffTier14","True","False","","missing_name"
"zzz_REBIRTH__Core","Config\buffs.xml","buff","FuriousRamsayRageBuffTier15","True","False","","missing_name"
"zzz_REBIRTH__Core","Config\buffs.xml","buff","FuriousRamsayRageBuffTier2","True","False","","missing_name"
"zzz_REBIRTH__Core","Config\buffs.xml","buff","FuriousRamsayRageBuffTier3","True","False","","missing_name"
"zzz_REBIRTH__Core","Config\buffs.xml","buff","FuriousRamsayRageBuffTier4","True","False","","missing_name"
"zzz_REBIRTH__Core","Config\buffs.xml","buff","FuriousRamsayRageBuffTier5","True","False","","missing_name"
"zzz_REBIRTH__Core","Config\buffs.xml","buff","FuriousRamsayRageBuffTier6","True","False","","missing_name"
"zzz_REBIRTH__Core","Config\buffs.xml","buff","FuriousRamsayRageBuffTier7","True","False","","missing_name"
"zzz_REBIRTH__Core","Config\buffs.xml","buff","FuriousRamsayRageBuffTier8","True","False","","missing_name"
"zzz_REBIRTH__Core","Config\buffs.xml","buff","FuriousRamsayRageBuffTier9","True","False","","missing_name"
"zzz_REBIRTH__Core","Config\buffs.xml","buff","FuriousRamsayRageEffect","True","False","","missing_name"
"zzz_REBIRTH__Core","Config\buffs.xml","buff","FuriousRamsayRagePantherBuff","True","False","","missing_name"
"zzz_REBIRTH__Core","Config\buffs.xml","buff","FuriousRamsayRagePillTrigger","True","False","","missing_name"
"zzz_REBIRTH__Core","Config\buffs.xml","buff","FuriousRamsayRagePlayerDefensiveBuffTier1","True","False","","missing_name"
"zzz_REBIRTH__Core","Config\buffs.xml","buff","FuriousRamsayRagePlayerDefensiveBuffTier10","True","False","","missing_name"
"zzz_REBIRTH__Core","Config\buffs.xml","buff","FuriousRamsayRagePlayerDefensiveBuffTier11","True","False","","missing_name"
"zzz_REBIRTH__Core","Config\buffs.xml","buff","FuriousRamsayRagePlayerDefensiveBuffTier12","True","False","","missing_name"
"zzz_REBIRTH__Core","Config\buffs.xml","buff","FuriousRamsayRagePlayerDefensiveBuffTier13","True","False","","missing_name"
"zzz_REBIRTH__Core","Config\buffs.xml","buff","FuriousRamsayRagePlayerDefensiveBuffTier14","True","False","","missing_name"
"zzz_REBIRTH__Core","Config\buffs.xml","buff","FuriousRamsayRagePlayerDefensiveBuffTier15","True","False","","missing_name"
"zzz_REBIRTH__Core","Config\buffs.xml","buff","FuriousRamsayRagePlayerDefensiveBuffTier2","True","False","","missing_name"
"zzz_REBIRTH__Core","Config\buffs.xml","buff","FuriousRamsayRagePlayerDefensiveBuffTier3","True","False","","missing_name"
"zzz_REBIRTH__Core","Config\buffs.xml","buff","FuriousRamsayRagePlayerDefensiveBuffTier4","True","False","","missing_name"
"zzz_REBIRTH__Core","Config\buffs.xml","buff","FuriousRamsayRagePlayerDefensiveBuffTier5","True","False","","missing_name"
"zzz_REBIRTH__Core","Config\buffs.xml","buff","FuriousRamsayRagePlayerDefensiveBuffTier6","True","False","","missing_name"
"zzz_REBIRTH__Core","Config\buffs.xml","buff","FuriousRamsayRagePlayerDefensiveBuffTier7","True","False","","missing_name"
"zzz_REBIRTH__Core","Config\buffs.xml","buff","FuriousRamsayRagePlayerDefensiveBuffTier8","True","False","","missing_name"
"zzz_REBIRTH__Core","Config\buffs.xml","buff","FuriousRamsayRagePlayerDefensiveBuffTier9","True","False","","missing_name"
"zzz_REBIRTH__Core","Config\buffs.xml","buff","FuriousRamsayRageTrainerBuffTier1","True","False","","missing_name"
"zzz_REBIRTH__Core","Config\buffs.xml","buff","FuriousRamsayRageTrainerBuffTier10","True","False","","missing_name"
"zzz_REBIRTH__Core","Config\buffs.xml","buff","FuriousRamsayRageTrainerBuffTier2","True","False","","missing_name"
"zzz_REBIRTH__Core","Config\buffs.xml","buff","FuriousRamsayRageTrainerBuffTier3","True","False","","missing_name"
"zzz_REBIRTH__Core","Config\buffs.xml","buff","FuriousRamsayRageTrainerBuffTier4","True","False","","missing_name"
"zzz_REBIRTH__Core","Config\buffs.xml","buff","FuriousRamsayRageTrainerBuffTier5","True","False","","missing_name"
"zzz_REBIRTH__Core","Config\buffs.xml","buff","FuriousRamsayRageTrainerBuffTier6","True","False","","missing_name"
"zzz_REBIRTH__Core","Config\buffs.xml","buff","FuriousRamsayRageTrainerBuffTier7","True","False","","missing_name"
"zzz_REBIRTH__Core","Config\buffs.xml","buff","FuriousRamsayRageTrainerBuffTier8","True","False","","missing_name"
"zzz_REBIRTH__Core","Config\buffs.xml","buff","FuriousRamsayRageTrainerBuffTier9","True","False","","missing_name"
"zzz_REBIRTH__Core","Config\buffs.xml","buff","FuriousRamsayRampage","True","False","","missing_name"
"zzz_REBIRTH__Core","Config\buffs.xml","buff","FuriousRamsayRangedBleedDamage1","True","False","","missing_name"
"zzz_REBIRTH__Core","Config\buffs.xml","buff","FuriousRamsayRangedBleedDamage10","True","False","","missing_name"
"zzz_REBIRTH__Core","Config\buffs.xml","buff","FuriousRamsayRangedBleedDamage2","True","False","","missing_name"
"zzz_REBIRTH__Core","Config\buffs.xml","buff","FuriousRamsayRangedBleedDamage3","True","False","","missing_name"
"zzz_REBIRTH__Core","Config\buffs.xml","buff","FuriousRamsayRangedBleedDamage4","True","False","","missing_name"
"zzz_REBIRTH__Core","Config\buffs.xml","buff","FuriousRamsayRangedBleedDamage5","True","False","","missing_name"
"zzz_REBIRTH__Core","Config\buffs.xml","buff","FuriousRamsayRangedBleedDamage6","True","False","","missing_name"
"zzz_REBIRTH__Core","Config\buffs.xml","buff","FuriousRamsayRangedBleedDamage7","True","False","","missing_name"
"zzz_REBIRTH__Core","Config\buffs.xml","buff","FuriousRamsayRangedBleedDamage8","True","False","","missing_name"
"zzz_REBIRTH__Core","Config\buffs.xml","buff","FuriousRamsayRangedBleedDamage9","True","False","","missing_name"
"zzz_REBIRTH__Core","Config\buffs.xml","buff","FuriousRamsayRangedBleedParticle1","True","False","","missing_name"
"zzz_REBIRTH__Core","Config\buffs.xml","buff","FuriousRamsayRangedBleedParticle10","True","False","","missing_name"
"zzz_REBIRTH__Core","Config\buffs.xml","buff","FuriousRamsayRangedBleedParticle2","True","False","","missing_name"
"zzz_REBIRTH__Core","Config\buffs.xml","buff","FuriousRamsayRangedBleedParticle3","True","False","","missing_name"
"zzz_REBIRTH__Core","Config\buffs.xml","buff","FuriousRamsayRangedBleedParticle4","True","False","","missing_name"
"zzz_REBIRTH__Core","Config\buffs.xml","buff","FuriousRamsayRangedBleedParticle5","True","False","","missing_name"
"zzz_REBIRTH__Core","Config\buffs.xml","buff","FuriousRamsayRangedBleedParticle6","True","False","","missing_name"
"zzz_REBIRTH__Core","Config\buffs.xml","buff","FuriousRamsayRangedBleedParticle7","True","False","","missing_name"
"zzz_REBIRTH__Core","Config\buffs.xml","buff","FuriousRamsayRangedBleedParticle8","True","False","","missing_name"
"zzz_REBIRTH__Core","Config\buffs.xml","buff","FuriousRamsayRangedBleedParticle9","True","False","","missing_name"
"zzz_REBIRTH__Core","Config\buffs.xml","buff","FuriousRamsayRangedDoubleDamage","True","False","","missing_name"
"zzz_REBIRTH__Core","Config\buffs.xml","buff","FuriousRamsayRangedMindControlBuffTier1","True","False","","missing_name"
"zzz_REBIRTH__Core","Config\buffs.xml","buff","FuriousRamsayRangedMindControlBuffTier2","True","False","","missing_name"
"zzz_REBIRTH__Core","Config\buffs.xml","buff","FuriousRamsayRangedMindControlBuffTier3","True","False","","missing_name"
"zzz_REBIRTH__Core","Config\buffs.xml","buff","FuriousRamsayRangedSlashesBuff","True","False","","missing_name"
"zzz_REBIRTH__Core","Config\buffs.xml","buff","FuriousRamsayRangedStun1","True","False","","missing_name"
"zzz_REBIRTH__Core","Config\buffs.xml","buff","FuriousRamsayRangedStun10","True","False","","missing_name"
"zzz_REBIRTH__Core","Config\buffs.xml","buff","FuriousRamsayRangedStun2","True","False","","missing_name"
"zzz_REBIRTH__Core","Config\buffs.xml","buff","FuriousRamsayRangedStun3","True","False","","missing_name"
"zzz_REBIRTH__Core","Config\buffs.xml","buff","FuriousRamsayRangedStun4","True","False","","missing_name"
"zzz_REBIRTH__Core","Config\buffs.xml","buff","FuriousRamsayRangedStun5","True","False","","missing_name"
"zzz_REBIRTH__Core","Config\buffs.xml","buff","FuriousRamsayRangedStun6","True","False","","missing_name"
"zzz_REBIRTH__Core","Config\buffs.xml","buff","FuriousRamsayRangedStun7","True","False","","missing_name"
"zzz_REBIRTH__Core","Config\buffs.xml","buff","FuriousRamsayRangedStun8","True","False","","missing_name"
"zzz_REBIRTH__Core","Config\buffs.xml","buff","FuriousRamsayRangedStun9","True","False","","missing_name"
"zzz_REBIRTH__Core","Config\buffs.xml","buff","FuriousRamsayRangedStunAoE","True","False","","missing_name"
"zzz_REBIRTH__Core","Config\buffs.xml","buff","FuriousRamsayRangedStunAoETrigger","True","False","","missing_name"
"zzz_REBIRTH__Core","Config\buffs.xml","buff","FuriousRamsayRangedStunEffects","True","False","","missing_name"
"zzz_REBIRTH__Core","Config\buffs.xml","buff","FuriousRamsayRawMeatHealTrigger","True","False","","missing_name"
"zzz_REBIRTH__Core","Config\buffs.xml","buff","FuriousRamsayRegenHealth","True","False","","missing_name"
"zzz_REBIRTH__Core","Config\buffs.xml","buff","FuriousRamsayRemoveExplosionParticle","True","False","","missing_name"
"zzz_REBIRTH__Core","Config\buffs.xml","buff","FuriousRamsayRemoveRagePrefab","True","False","","missing_name"
"zzz_REBIRTH__Core","Config\buffs.xml","buff","FuriousRamsayRemoveSpeed","True","False","","missing_name"
"zzz_REBIRTH__Core","Config\buffs.xml","buff","FuriousRamsayRemoveTrainingNPC","True","False","","missing_name"
"zzz_REBIRTH__Core","Config\buffs.xml","buff","FuriousRamsayResetCoop","True","False","","missing_name"
"zzz_REBIRTH__Core","Config\buffs.xml","buff","FuriousRamsayResetTargets","True","False","","missing_name"
"zzz_REBIRTH__Core","Config\buffs.xml","buff","FuriousRamsayResistFire","True","False","","missing_name"
"zzz_REBIRTH__Core","Config\buffs.xml","buff","FuriousRamsayResistFireShock","True","False","","missing_name"
"zzz_REBIRTH__Core","Config\buffs.xml","buff","FuriousRamsayResistFireShockSmoke","True","False","","missing_name"
"zzz_REBIRTH__Core","Config\buffs.xml","buff","FuriousRamsayResistRadiation","True","False","","missing_name"
"zzz_REBIRTH__Core","Config\buffs.xml","buff","FuriousRamsayResistShock","True","False","","missing_name"
"zzz_REBIRTH__Core","Config\buffs.xml","buff","FuriousRamsayResistSmoke","True","False","","missing_name"
"zzz_REBIRTH__Core","Config\buffs.xml","buff","FuriousRamsayRespawn","True","False","","missing_name"
"zzz_REBIRTH__Core","Config\buffs.xml","buff","FuriousRamsayRespawnDebuffs","True","False","","missing_name"
"zzz_REBIRTH__Core","Config\buffs.xml","buff","FuriousRamsayRespawned","True","False","","missing_name"
"zzz_REBIRTH__Core","Config\buffs.xml","buff","FuriousRamsayRetrieveSilencer","True","False","","missing_name"
"zzz_REBIRTH__Core","Config\buffs.xml","buff","FuriousRamsayRobotExplodeDamageTier1","True","False","","missing_name"
"zzz_REBIRTH__Core","Config\buffs.xml","buff","FuriousRamsayRobotExplodeDamageTier2","True","False","","missing_name"
"zzz_REBIRTH__Core","Config\buffs.xml","buff","FuriousRamsayRobotExplodeDamageTier3","True","False","","missing_name"
"zzz_REBIRTH__Core","Config\buffs.xml","buff","FuriousRamsayRobotExplodeDamageTier4","True","False","","missing_name"
"zzz_REBIRTH__Core","Config\buffs.xml","buff","FuriousRamsayRobotExplodeDamageTier5","True","False","","missing_name"
"zzz_REBIRTH__Core","Config\buffs.xml","buff","FuriousRamsayRobotExplodeTier1","True","False","","missing_name"
"zzz_REBIRTH__Core","Config\buffs.xml","buff","FuriousRamsayRobotExplodeTier2","True","False","","missing_name"
"zzz_REBIRTH__Core","Config\buffs.xml","buff","FuriousRamsayRobotExplodeTier3","True","False","","missing_name"
"zzz_REBIRTH__Core","Config\buffs.xml","buff","FuriousRamsayRobotExplodeTier4","True","False","","missing_name"
"zzz_REBIRTH__Core","Config\buffs.xml","buff","FuriousRamsayRobotExplodeTier5","True","False","","missing_name"
"zzz_REBIRTH__Core","Config\buffs.xml","buff","FuriousRamsayScreamerSignalActive","True","False","","missing_name"
"zzz_REBIRTH__Core","Config\buffs.xml","buff","FuriousRamsaySelfAddForce","True","False","","missing_name"
"zzz_REBIRTH__Core","Config\buffs.xml","buff","FuriousRamsaySelfRagdoll","True","False","","missing_name"
"zzz_REBIRTH__Core","Config\buffs.xml","buff","FuriousRamsaySetMindControl","True","False","","missing_name"
"zzz_REBIRTH__Core","Config\buffs.xml","buff","FuriousRamsaySetUpMultipliers","True","False","","missing_name"
"zzz_REBIRTH__Core","Config\buffs.xml","buff","FuriousRamsaySetUpNPCVariables","True","False","","missing_name"
"zzz_REBIRTH__Core","Config\buffs.xml","buff","FuriousRamsaySewingKitTrigger","True","False","","missing_name"
"zzz_REBIRTH__Core","Config\buffs.xml","buff","FuriousRamsayShockZombieAoEDamage","True","False","","missing_name"
"zzz_REBIRTH__Core","Config\buffs.xml","buff","FuriousRamsayShockZombieAoEDamageDisplay","True","False","","missing_name"
"zzz_REBIRTH__Core","Config\buffs.xml","buff","FuriousRamsayShockZombieAoEDamageTimer","True","False","","missing_name"
"zzz_REBIRTH__Core","Config\buffs.xml","buff","FuriousRamsayShowToolbelt","True","False","","missing_name"
"zzz_REBIRTH__Core","Config\buffs.xml","buff","FuriousRamsayShrinkSize1","True","False","","missing_name"
"zzz_REBIRTH__Core","Config\buffs.xml","buff","FuriousRamsaySilencerSchematicUnlock","True","False","","missing_name"
"zzz_REBIRTH__Core","Config\buffs.xml","buff","FuriousRamsaySkeleton1SpawnCooldown","True","False","","missing_name"
"zzz_REBIRTH__Core","Config\buffs.xml","buff","FuriousRamsaySkeleton2SpawnCooldown","True","False","","missing_name"
"zzz_REBIRTH__Core","Config\buffs.xml","buff","FuriousRamsaySkeleton3SpawnCooldown","True","False","","missing_name"
"zzz_REBIRTH__Core","Config\buffs.xml","buff","FuriousRamsaySkeleton4SpawnCooldown","True","False","","missing_name"
"zzz_REBIRTH__Core","Config\buffs.xml","buff","FuriousRamsaySkeleton5SpawnCooldown","True","False","","missing_name"
"zzz_REBIRTH__Core","Config\buffs.xml","buff","FuriousRamsaySkeleton6SpawnCooldown","True","False","","missing_name"
"zzz_REBIRTH__Core","Config\buffs.xml","buff","FuriousRamsaySledgeHammer003_FRDamageAoE","True","False","","missing_name"
"zzz_REBIRTH__Core","Config\buffs.xml","buff","FuriousRamsaySleepParticle","True","False","","missing_name"
"zzz_REBIRTH__Core","Config\buffs.xml","buff","FuriousRamsaySpawnBrutalButcherMinions","True","False","","missing_name"
"zzz_REBIRTH__Core","Config\buffs.xml","buff","FuriousRamsaySpawnCrazyDoctorMinions","True","False","","missing_name"
"zzz_REBIRTH__Core","Config\buffs.xml","buff","FuriousRamsaySpawningDelay","True","False","","missing_name"
"zzz_REBIRTH__Core","Config\buffs.xml","buff","FuriousRamsaySpawnMercenaryTraderTier1","True","False","","missing_name"
"zzz_REBIRTH__Core","Config\buffs.xml","buff","FuriousRamsaySpawnMercenaryTraderTier2","True","False","","missing_name"
"zzz_REBIRTH__Core","Config\buffs.xml","buff","FuriousRamsaySpawnMercenaryTraderTier3","True","False","","missing_name"
"zzz_REBIRTH__Core","Config\buffs.xml","buff","FuriousRamsaySpawnMercenaryTraderTier4","True","False","","missing_name"
"zzz_REBIRTH__Core","Config\buffs.xml","buff","FuriousRamsaySpawnMercenaryTraderTier5","True","False","","missing_name"
"zzz_REBIRTH__Core","Config\buffs.xml","buff","FuriousRamsaySpawnPlagueAbominationMinions","True","False","","missing_name"
"zzz_REBIRTH__Core","Config\buffs.xml","buff","FuriousRamsaySpawnSeekerMinions","True","False","","missing_name"
"zzz_REBIRTH__Core","Config\buffs.xml","buff","FuriousRamsaySpawnSinewSevererMinions","True","False","","missing_name"
"zzz_REBIRTH__Core","Config\buffs.xml","buff","FuriousRamsaySpeedAsphalt","True","False","","missing_name"
"zzz_REBIRTH__Core","Config\buffs.xml","buff","FuriousRamsaySpeedBurstCyborg001","True","False","","missing_name"
"zzz_REBIRTH__Core","Config\buffs.xml","buff","FuriousRamsaySpeedBurstCyborg002","True","False","","missing_name"
"zzz_REBIRTH__Core","Config\buffs.xml","buff","FuriousRamsaySpeedBurstCyborg003","True","False","","missing_name"
"zzz_REBIRTH__Core","Config\buffs.xml","buff","FuriousRamsaySpeedBurstCyborg004","True","False","","missing_name"
"zzz_REBIRTH__Core","Config\buffs.xml","buff","FuriousRamsaySpeedBurstCyborg005","True","False","","missing_name"
"zzz_REBIRTH__Core","Config\buffs.xml","buff","FuriousRamsaySpeedBurstLevel01","True","False","","missing_name"
"zzz_REBIRTH__Core","Config\buffs.xml","buff","FuriousRamsaySpeedBurstLevel02","True","False","","missing_name"
"zzz_REBIRTH__Core","Config\buffs.xml","buff","FuriousRamsaySpeedBurstLevel03","True","False","","missing_name"
"zzz_REBIRTH__Core","Config\buffs.xml","buff","FuriousRamsaySpeedBurstLevel04","True","False","","missing_name"
"zzz_REBIRTH__Core","Config\buffs.xml","buff","FuriousRamsaySpeedBurstLevel05","True","False","","missing_name"
"zzz_REBIRTH__Core","Config\buffs.xml","buff","FuriousRamsaySpeedBurstLevel06","True","False","","missing_name"
"zzz_REBIRTH__Core","Config\buffs.xml","buff","FuriousRamsaySpeedBurstLevel07","True","False","","missing_name"
"zzz_REBIRTH__Core","Config\buffs.xml","buff","FuriousRamsaySpeedBurstLevel08","True","False","","missing_name"
"zzz_REBIRTH__Core","Config\buffs.xml","buff","FuriousRamsaySpeedBurstLevel09","True","False","","missing_name"
"zzz_REBIRTH__Core","Config\buffs.xml","buff","FuriousRamsaySpeedBurstLevel10","True","False","","missing_name"
"zzz_REBIRTH__Core","Config\buffs.xml","buff","FuriousRamsaySpeedBurstTimerCyborg001","True","False","","missing_name"
"zzz_REBIRTH__Core","Config\buffs.xml","buff","FuriousRamsaySpeedBurstTimerCyborg002","True","False","","missing_name"
"zzz_REBIRTH__Core","Config\buffs.xml","buff","FuriousRamsaySpeedBurstTimerCyborg003","True","False","","missing_name"
"zzz_REBIRTH__Core","Config\buffs.xml","buff","FuriousRamsaySpeedBurstTimerCyborg004","True","False","","missing_name"
"zzz_REBIRTH__Core","Config\buffs.xml","buff","FuriousRamsaySpeedBurstTimerCyborg005","True","False","","missing_name"
"zzz_REBIRTH__Core","Config\buffs.xml","buff","FuriousRamsaySpeedBurstTimerLevel01","True","False","","missing_name"
"zzz_REBIRTH__Core","Config\buffs.xml","buff","FuriousRamsaySpeedBurstTimerLevel02","True","False","","missing_name"
"zzz_REBIRTH__Core","Config\buffs.xml","buff","FuriousRamsaySpeedBurstTimerLevel03","True","False","","missing_name"
"zzz_REBIRTH__Core","Config\buffs.xml","buff","FuriousRamsaySpeedBurstTimerLevel04","True","False","","missing_name"
"zzz_REBIRTH__Core","Config\buffs.xml","buff","FuriousRamsaySpeedBurstTimerLevel05","True","False","","missing_name"
"zzz_REBIRTH__Core","Config\buffs.xml","buff","FuriousRamsaySpeedBurstTimerLevel06","True","False","","missing_name"
"zzz_REBIRTH__Core","Config\buffs.xml","buff","FuriousRamsaySpeedBurstTimerLevel07","True","False","","missing_name"
"zzz_REBIRTH__Core","Config\buffs.xml","buff","FuriousRamsaySpeedBurstTimerLevel08","True","False","","missing_name"
"zzz_REBIRTH__Core","Config\buffs.xml","buff","FuriousRamsaySpeedBurstTimerLevel10","True","False","","missing_name"
"zzz_REBIRTH__Core","Config\buffs.xml","buff","FuriousRamsaySpeedDirt","True","False","","missing_name"
"zzz_REBIRTH__Core","Config\buffs.xml","buff","FuriousRamsaySpeedForest","True","False","","missing_name"
"zzz_REBIRTH__Core","Config\buffs.xml","buff","FuriousRamsaySpeedGravel","True","False","","missing_name"
"zzz_REBIRTH__Core","Config\buffs.xml","buff","FuriousRamsaySpeedSand","True","False","","missing_name"
"zzz_REBIRTH__Core","Config\buffs.xml","buff","FuriousRamsaySpeedSnow","True","False","","missing_name"
"zzz_REBIRTH__Core","Config\buffs.xml","buff","FuriousRamsayStaminaBoostCoffee","True","False","","missing_name"
"zzz_REBIRTH__Core","Config\buffs.xml","buff","FuriousRamsayStandStill","True","False","","missing_name"
"zzz_REBIRTH__Core","Config\buffs.xml","buff","FuriousRamsayStormBreakerKnockdownDamageAoE","True","False","","missing_name"
"zzz_REBIRTH__Core","Config\buffs.xml","buff","FuriousRamsayStormBreakerShockDamageAoE","True","False","","missing_name"
"zzz_REBIRTH__Core","Config\buffs.xml","buff","FuriousRamsaySuccessivePistolHits","True","False","","missing_name"
"zzz_REBIRTH__Core","Config\buffs.xml","buff","FuriousRamsaySuccessiveRevolverHits","True","False","","missing_name"
"zzz_REBIRTH__Core","Config\buffs.xml","buff","FuriousRamsaySuccessiveRevolverHitsBonus","True","False","","missing_name"
"zzz_REBIRTH__Core","Config\buffs.xml","buff","FuriousRamsaySupportBuffTier1","True","False","","missing_name"
"zzz_REBIRTH__Core","Config\buffs.xml","buff","FuriousRamsaySupportBuffTier2","True","False","","missing_name"
"zzz_REBIRTH__Core","Config\buffs.xml","buff","FuriousRamsaySupportBuffTier3","True","False","","missing_name"
"zzz_REBIRTH__Core","Config\buffs.xml","buff","FuriousRamsaySupportBuffTier4","True","False","","missing_name"
"zzz_REBIRTH__Core","Config\buffs.xml","buff","FuriousRamsaySupportBuffTier5","True","False","","missing_name"
"zzz_REBIRTH__Core","Config\buffs.xml","buff","FuriousRamsayTechnogeekShockAoE","True","False","","missing_name"
"zzz_REBIRTH__Core","Config\buffs.xml","buff","FuriousRamsayTechnogeekShockAoECooldown","True","False","","missing_name"
"zzz_REBIRTH__Core","Config\buffs.xml","buff","FuriousRamsayTechnogeekShockAoEDamage","True","False","","missing_name"
"zzz_REBIRTH__Core","Config\buffs.xml","buff","FuriousRamsayTechnogeekShockAoEDamage2","True","False","","missing_name"
"zzz_REBIRTH__Core","Config\buffs.xml","buff","FuriousRamsayTeleportToBackpack","True","False","","missing_name"
"zzz_REBIRTH__Core","Config\buffs.xml","buff","FuriousRamsayTemp","True","False","","missing_name"
"zzz_REBIRTH__Core","Config\buffs.xml","buff","FuriousRamsayTempExplosionResist","True","False","","missing_name"
"zzz_REBIRTH__Core","Config\buffs.xml","buff","FuriousRamsayTempMercenaryTraderDisplay","True","False","","missing_name"
"zzz_REBIRTH__Core","Config\buffs.xml","buff","FuriousRamsayTempRageBuff","True","False","","missing_name"
"zzz_REBIRTH__Core","Config\buffs.xml","buff","FuriousRamsayTempResistFire","True","False","","missing_name"
"zzz_REBIRTH__Core","Config\buffs.xml","buff","FuriousRamsayTempResistShock","True","False","","missing_name"
"zzz_REBIRTH__Core","Config\buffs.xml","buff","FuriousRamsayTheyGrowStrongerTierKillHealthMax","True","False","","missing_name"
"zzz_REBIRTH__Core","Config\buffs.xml","buff","FuriousRamsayTheyGrowStrongerTierKills01AttacksPerMinute","True","False","","missing_name"
"zzz_REBIRTH__Core","Config\buffs.xml","buff","FuriousRamsayTheyGrowStrongerTierKills01BlockDamage","True","False","","missing_name"
"zzz_REBIRTH__Core","Config\buffs.xml","buff","FuriousRamsayTheyGrowStrongerTierKills01EntityDamage","True","False","","missing_name"
"zzz_REBIRTH__Core","Config\buffs.xml","buff","FuriousRamsayTheyGrowStrongerTierKills01HealthMax","True","False","","missing_name"
"zzz_REBIRTH__Core","Config\buffs.xml","buff","FuriousRamsayTheyGrowStrongerTierKills01JumpStrength","True","False","","missing_name"
"zzz_REBIRTH__Core","Config\buffs.xml","buff","FuriousRamsayTheyGrowStrongerTierKills01Mobility","True","False","","missing_name"
"zzz_REBIRTH__Core","Config\buffs.xml","buff","FuriousRamsayTheyGrowStrongerTierKills01MovementFactorMultiplier","True","False","","missing_name"
"zzz_REBIRTH__Core","Config\buffs.xml","buff","FuriousRamsayTheyGrowStrongerTierKills01RunSpeed","True","False","","missing_name"
"zzz_REBIRTH__Core","Config\buffs.xml","buff","FuriousRamsayTheyGrowStrongerTierKills01WalkSpeed","True","False","","missing_name"
"zzz_REBIRTH__Core","Config\buffs.xml","buff","FuriousRamsayTheyGrowStrongerTierKills02AttacksPerMinute","True","False","","missing_name"
"zzz_REBIRTH__Core","Config\buffs.xml","buff","FuriousRamsayTheyGrowStrongerTierKills02BlockDamage","True","False","","missing_name"
"zzz_REBIRTH__Core","Config\buffs.xml","buff","FuriousRamsayTheyGrowStrongerTierKills02EntityDamage","True","False","","missing_name"
"zzz_REBIRTH__Core","Config\buffs.xml","buff","FuriousRamsayTheyGrowStrongerTierKills02HealthMax","True","False","","missing_name"
"zzz_REBIRTH__Core","Config\buffs.xml","buff","FuriousRamsayTheyGrowStrongerTierKills02JumpStrength","True","False","","missing_name"
"zzz_REBIRTH__Core","Config\buffs.xml","buff","FuriousRamsayTheyGrowStrongerTierKills02Mobility","True","False","","missing_name"
"zzz_REBIRTH__Core","Config\buffs.xml","buff","FuriousRamsayTheyGrowStrongerTierKills02MovementFactorMultiplier","True","False","","missing_name"
"zzz_REBIRTH__Core","Config\buffs.xml","buff","FuriousRamsayTheyGrowStrongerTierKills02RunSpeed","True","False","","missing_name"
"zzz_REBIRTH__Core","Config\buffs.xml","buff","FuriousRamsayTheyGrowStrongerTierKills02WalkSpeed","True","False","","missing_name"
"zzz_REBIRTH__Core","Config\buffs.xml","buff","FuriousRamsayTheyGrowStrongerTierKills03AttacksPerMinute","True","False","","missing_name"
"zzz_REBIRTH__Core","Config\buffs.xml","buff","FuriousRamsayTheyGrowStrongerTierKills03BlockDamage","True","False","","missing_name"
"zzz_REBIRTH__Core","Config\buffs.xml","buff","FuriousRamsayTheyGrowStrongerTierKills03EntityDamage","True","False","","missing_name"
"zzz_REBIRTH__Core","Config\buffs.xml","buff","FuriousRamsayTheyGrowStrongerTierKills03HealthMax","True","False","","missing_name"
"zzz_REBIRTH__Core","Config\buffs.xml","buff","FuriousRamsayTheyGrowStrongerTierKills03JumpStrength","True","False","","missing_name"
"zzz_REBIRTH__Core","Config\buffs.xml","buff","FuriousRamsayTheyGrowStrongerTierKills03Mobility","True","False","","missing_name"
"zzz_REBIRTH__Core","Config\buffs.xml","buff","FuriousRamsayTheyGrowStrongerTierKills03MovementFactorMultiplier","True","False","","missing_name"
"zzz_REBIRTH__Core","Config\buffs.xml","buff","FuriousRamsayTheyGrowStrongerTierKills03RunSpeed","True","False","","missing_name"
"zzz_REBIRTH__Core","Config\buffs.xml","buff","FuriousRamsayTheyGrowStrongerTierKills03WalkSpeed","True","False","","missing_name"
"zzz_REBIRTH__Core","Config\buffs.xml","buff","FuriousRamsayTheyGrowStrongerTierKills04AttacksPerMinute","True","False","","missing_name"
"zzz_REBIRTH__Core","Config\buffs.xml","buff","FuriousRamsayTheyGrowStrongerTierKills04BlockDamage","True","False","","missing_name"
"zzz_REBIRTH__Core","Config\buffs.xml","buff","FuriousRamsayTheyGrowStrongerTierKills04EntityDamage","True","False","","missing_name"
"zzz_REBIRTH__Core","Config\buffs.xml","buff","FuriousRamsayTheyGrowStrongerTierKills04HealthMax","True","False","","missing_name"
"zzz_REBIRTH__Core","Config\buffs.xml","buff","FuriousRamsayTheyGrowStrongerTierKills04JumpStrength","True","False","","missing_name"
"zzz_REBIRTH__Core","Config\buffs.xml","buff","FuriousRamsayTheyGrowStrongerTierKills04Mobility","True","False","","missing_name"
"zzz_REBIRTH__Core","Config\buffs.xml","buff","FuriousRamsayTheyGrowStrongerTierKills04MovementFactorMultiplier","True","False","","missing_name"
"zzz_REBIRTH__Core","Config\buffs.xml","buff","FuriousRamsayTheyGrowStrongerTierKills04RunSpeed","True","False","","missing_name"
"zzz_REBIRTH__Core","Config\buffs.xml","buff","FuriousRamsayTheyGrowStrongerTierKills04WalkSpeed","True","False","","missing_name"
"zzz_REBIRTH__Core","Config\buffs.xml","buff","FuriousRamsayTheyGrowStrongerTierKills05AttacksPerMinute","True","False","","missing_name"
"zzz_REBIRTH__Core","Config\buffs.xml","buff","FuriousRamsayTheyGrowStrongerTierKills05BlockDamage","True","False","","missing_name"
"zzz_REBIRTH__Core","Config\buffs.xml","buff","FuriousRamsayTheyGrowStrongerTierKills05EntityDamage","True","False","","missing_name"
"zzz_REBIRTH__Core","Config\buffs.xml","buff","FuriousRamsayTheyGrowStrongerTierKills05HealthMax","True","False","","missing_name"
"zzz_REBIRTH__Core","Config\buffs.xml","buff","FuriousRamsayTheyGrowStrongerTierKills05JumpStrength","True","False","","missing_name"
"zzz_REBIRTH__Core","Config\buffs.xml","buff","FuriousRamsayTheyGrowStrongerTierKills05Mobility","True","False","","missing_name"
"zzz_REBIRTH__Core","Config\buffs.xml","buff","FuriousRamsayTheyGrowStrongerTierKills05MovementFactorMultiplier","True","False","","missing_name"
"zzz_REBIRTH__Core","Config\buffs.xml","buff","FuriousRamsayTheyGrowStrongerTierKills05RunSpeed","True","False","","missing_name"
"zzz_REBIRTH__Core","Config\buffs.xml","buff","FuriousRamsayTheyGrowStrongerTierKills05WalkSpeed","True","False","","missing_name"
"zzz_REBIRTH__Core","Config\buffs.xml","buff","FuriousRamsayTheyGrowStrongerTierKills06AttacksPerMinute","True","False","","missing_name"
"zzz_REBIRTH__Core","Config\buffs.xml","buff","FuriousRamsayTheyGrowStrongerTierKills06BlockDamage","True","False","","missing_name"
"zzz_REBIRTH__Core","Config\buffs.xml","buff","FuriousRamsayTheyGrowStrongerTierKills06EntityDamage","True","False","","missing_name"
"zzz_REBIRTH__Core","Config\buffs.xml","buff","FuriousRamsayTheyGrowStrongerTierKills06HealthMax","True","False","","missing_name"
"zzz_REBIRTH__Core","Config\buffs.xml","buff","FuriousRamsayTheyGrowStrongerTierKills06JumpStrength","True","False","","missing_name"
"zzz_REBIRTH__Core","Config\buffs.xml","buff","FuriousRamsayTheyGrowStrongerTierKills06Mobility","True","False","","missing_name"
"zzz_REBIRTH__Core","Config\buffs.xml","buff","FuriousRamsayTheyGrowStrongerTierKills06MovementFactorMultiplier","True","False","","missing_name"
"zzz_REBIRTH__Core","Config\buffs.xml","buff","FuriousRamsayTheyGrowStrongerTierKills06RunSpeed","True","False","","missing_name"
"zzz_REBIRTH__Core","Config\buffs.xml","buff","FuriousRamsayTheyGrowStrongerTierKills06WalkSpeed","True","False","","missing_name"
"zzz_REBIRTH__Core","Config\buffs.xml","buff","FuriousRamsayTheyGrowStrongerTierKills07AttacksPerMinute","True","False","","missing_name"
"zzz_REBIRTH__Core","Config\buffs.xml","buff","FuriousRamsayTheyGrowStrongerTierKills07BlockDamage","True","False","","missing_name"
"zzz_REBIRTH__Core","Config\buffs.xml","buff","FuriousRamsayTheyGrowStrongerTierKills07EntityDamage","True","False","","missing_name"
"zzz_REBIRTH__Core","Config\buffs.xml","buff","FuriousRamsayTheyGrowStrongerTierKills07HealthMax","True","False","","missing_name"
"zzz_REBIRTH__Core","Config\buffs.xml","buff","FuriousRamsayTheyGrowStrongerTierKills07JumpStrength","True","False","","missing_name"
"zzz_REBIRTH__Core","Config\buffs.xml","buff","FuriousRamsayTheyGrowStrongerTierKills07Mobility","True","False","","missing_name"
"zzz_REBIRTH__Core","Config\buffs.xml","buff","FuriousRamsayTheyGrowStrongerTierKills07MovementFactorMultiplier","True","False","","missing_name"
"zzz_REBIRTH__Core","Config\buffs.xml","buff","FuriousRamsayTheyGrowStrongerTierKills07RunSpeed","True","False","","missing_name"
"zzz_REBIRTH__Core","Config\buffs.xml","buff","FuriousRamsayTheyGrowStrongerTierKills07WalkSpeed","True","False","","missing_name"
"zzz_REBIRTH__Core","Config\buffs.xml","buff","FuriousRamsayTheyGrowStrongerTierKills08AttacksPerMinute","True","False","","missing_name"
"zzz_REBIRTH__Core","Config\buffs.xml","buff","FuriousRamsayTheyGrowStrongerTierKills08BlockDamage","True","False","","missing_name"
"zzz_REBIRTH__Core","Config\buffs.xml","buff","FuriousRamsayTheyGrowStrongerTierKills08EntityDamage","True","False","","missing_name"
"zzz_REBIRTH__Core","Config\buffs.xml","buff","FuriousRamsayTheyGrowStrongerTierKills08HealthMax","True","False","","missing_name"
"zzz_REBIRTH__Core","Config\buffs.xml","buff","FuriousRamsayTheyGrowStrongerTierKills08JumpStrength","True","False","","missing_name"
"zzz_REBIRTH__Core","Config\buffs.xml","buff","FuriousRamsayTheyGrowStrongerTierKills08Mobility","True","False","","missing_name"
"zzz_REBIRTH__Core","Config\buffs.xml","buff","FuriousRamsayTheyGrowStrongerTierKills08MovementFactorMultiplier","True","False","","missing_name"
"zzz_REBIRTH__Core","Config\buffs.xml","buff","FuriousRamsayTheyGrowStrongerTierKills08RunSpeed","True","False","","missing_name"
"zzz_REBIRTH__Core","Config\buffs.xml","buff","FuriousRamsayTheyGrowStrongerTierKills08WalkSpeed","True","False","","missing_name"
"zzz_REBIRTH__Core","Config\buffs.xml","buff","FuriousRamsayTheyGrowStrongerTierKills09AttacksPerMinute","True","False","","missing_name"
"zzz_REBIRTH__Core","Config\buffs.xml","buff","FuriousRamsayTheyGrowStrongerTierKills09BlockDamage","True","False","","missing_name"
"zzz_REBIRTH__Core","Config\buffs.xml","buff","FuriousRamsayTheyGrowStrongerTierKills09EntityDamage","True","False","","missing_name"
"zzz_REBIRTH__Core","Config\buffs.xml","buff","FuriousRamsayTheyGrowStrongerTierKills09HealthMax","True","False","","missing_name"
"zzz_REBIRTH__Core","Config\buffs.xml","buff","FuriousRamsayTheyGrowStrongerTierKills09JumpStrength","True","False","","missing_name"
"zzz_REBIRTH__Core","Config\buffs.xml","buff","FuriousRamsayTheyGrowStrongerTierKills09Mobility","True","False","","missing_name"
"zzz_REBIRTH__Core","Config\buffs.xml","buff","FuriousRamsayTheyGrowStrongerTierKills09MovementFactorMultiplier","True","False","","missing_name"
"zzz_REBIRTH__Core","Config\buffs.xml","buff","FuriousRamsayTheyGrowStrongerTierKills09RunSpeed","True","False","","missing_name"
"zzz_REBIRTH__Core","Config\buffs.xml","buff","FuriousRamsayTheyGrowStrongerTierKills09WalkSpeed","True","False","","missing_name"
"zzz_REBIRTH__Core","Config\buffs.xml","buff","FuriousRamsayTheyGrowStrongerTierKills10AttacksPerMinute","True","False","","missing_name"
"zzz_REBIRTH__Core","Config\buffs.xml","buff","FuriousRamsayTheyGrowStrongerTierKills10BlockDamage","True","False","","missing_name"
"zzz_REBIRTH__Core","Config\buffs.xml","buff","FuriousRamsayTheyGrowStrongerTierKills10EntityDamage","True","False","","missing_name"
"zzz_REBIRTH__Core","Config\buffs.xml","buff","FuriousRamsayTheyGrowStrongerTierKills10HealthMax","True","False","","missing_name"
"zzz_REBIRTH__Core","Config\buffs.xml","buff","FuriousRamsayTheyGrowStrongerTierKills10JumpStrength","True","False","","missing_name"
"zzz_REBIRTH__Core","Config\buffs.xml","buff","FuriousRamsayTheyGrowStrongerTierKills10Mobility","True","False","","missing_name"
"zzz_REBIRTH__Core","Config\buffs.xml","buff","FuriousRamsayTheyGrowStrongerTierKills10MovementFactorMultiplier","True","False","","missing_name"
"zzz_REBIRTH__Core","Config\buffs.xml","buff","FuriousRamsayTheyGrowStrongerTierKills10RunSpeed","True","False","","missing_name"
"zzz_REBIRTH__Core","Config\buffs.xml","buff","FuriousRamsayTheyGrowStrongerTierKills10WalkSpeed","True","False","","missing_name"
"zzz_REBIRTH__Core","Config\buffs.xml","buff","FuriousRamsayTheyGrowStrongerZombieJump01","True","False","","missing_name"
"zzz_REBIRTH__Core","Config\buffs.xml","buff","FuriousRamsayTheyGrowStrongerZombieJump02","True","False","","missing_name"
"zzz_REBIRTH__Core","Config\buffs.xml","buff","FuriousRamsayThugStunAoECooldown","True","False","","missing_name"
"zzz_REBIRTH__Core","Config\buffs.xml","buff","FuriousRamsayTriggerHealingAnim","True","False","","missing_name"
"zzz_REBIRTH__Core","Config\buffs.xml","buff","FuriousRamsayTurretSkillCooldown","True","False","","missing_name"
"zzz_REBIRTH__Core","Config\buffs.xml","buff","FuriousRamsayTurretSledgeSkillCooldown","True","False","","missing_name"
"zzz_REBIRTH__Core","Config\buffs.xml","buff","FuriousRamsayTurretVanish","True","False","","missing_name"
"zzz_REBIRTH__Core","Config\buffs.xml","buff","FuriousRamsayTurretVanishSledge","True","False","","missing_name"
"zzz_REBIRTH__Core","Config\buffs.xml","buff","FuriousRamsayUnarmed","True","False","","missing_name"
"zzz_REBIRTH__Core","Config\buffs.xml","buff","FuriousRamsayUnlockRecipesFountainPen","True","False","","missing_name"
"zzz_REBIRTH__Core","Config\buffs.xml","buff","FuriousRamsayUsedDrugsCountdown","True","False","","missing_name"
"zzz_REBIRTH__Core","Config\buffs.xml","buff","FuriousRamsayUsedMobilityCountdown","True","False","","missing_name"
"zzz_REBIRTH__Core","Config\buffs.xml","buff","FuriousRamsayVanishBeserkTier1","True","False","","missing_name"
"zzz_REBIRTH__Core","Config\buffs.xml","buff","FuriousRamsayVanishBeserkTier10","True","False","","missing_name"
"zzz_REBIRTH__Core","Config\buffs.xml","buff","FuriousRamsayVanishBeserkTier2","True","False","","missing_name"
"zzz_REBIRTH__Core","Config\buffs.xml","buff","FuriousRamsayVanishBeserkTier3","True","False","","missing_name"
"zzz_REBIRTH__Core","Config\buffs.xml","buff","FuriousRamsayVanishBeserkTier4","True","False","","missing_name"
"zzz_REBIRTH__Core","Config\buffs.xml","buff","FuriousRamsayVanishBeserkTier5","True","False","","missing_name"
"zzz_REBIRTH__Core","Config\buffs.xml","buff","FuriousRamsayVanishBeserkTier6","True","False","","missing_name"
"zzz_REBIRTH__Core","Config\buffs.xml","buff","FuriousRamsayVanishBeserkTier7","True","False","","missing_name"
"zzz_REBIRTH__Core","Config\buffs.xml","buff","FuriousRamsayVanishBeserkTier8","True","False","","missing_name"
"zzz_REBIRTH__Core","Config\buffs.xml","buff","FuriousRamsayVanishBeserkTier9","True","False","","missing_name"
"zzz_REBIRTH__Core","Config\buffs.xml","buff","FuriousRamsayVanishInvisibleTimer","True","False","","missing_name"
"zzz_REBIRTH__Core","Config\buffs.xml","buff","FuriousRamsayVanishSummonTier1Timer","True","False","","missing_name"
"zzz_REBIRTH__Core","Config\buffs.xml","buff","FuriousRamsayVanishSummonTier2Timer","True","False","","missing_name"
"zzz_REBIRTH__Core","Config\buffs.xml","buff","FuriousRamsayVanishSummonTier3Timer","True","False","","missing_name"
"zzz_REBIRTH__Core","Config\buffs.xml","buff","FuriousRamsayVanishSummonTier4Timer","True","False","","missing_name"
"zzz_REBIRTH__Core","Config\buffs.xml","buff","FuriousRamsayVanishSummonTier5Timer","True","False","","missing_name"
"zzz_REBIRTH__Core","Config\buffs.xml","buff","FuriousRamsayVanishWitchDoctorSummon","True","False","","missing_name"
"zzz_REBIRTH__Core","Config\buffs.xml","buff","FuriousRamsayVehicleBoost","True","False","","missing_name"
"zzz_REBIRTH__Core","Config\buffs.xml","buff","FuriousRamsayVehicleProtectionPlayer","True","False","","missing_name"
"zzz_REBIRTH__Core","Config\buffs.xml","buff","FuriousRamsayVerifyArmorFire","True","False","","missing_name"
"zzz_REBIRTH__Core","Config\buffs.xml","buff","FuriousRamsayVerifyArmorFireShock","True","False","","missing_name"
"zzz_REBIRTH__Core","Config\buffs.xml","buff","FuriousRamsayVerifyArmorFireShockSmoke","True","False","","missing_name"
"zzz_REBIRTH__Core","Config\buffs.xml","buff","FuriousRamsayVerifyArmorShock","True","False","","missing_name"
"zzz_REBIRTH__Core","Config\buffs.xml","buff","FuriousRamsayVerifyArmorSmoke","True","False","","missing_name"
"zzz_REBIRTH__Core","Config\buffs.xml","buff","FuriousRamsayWearDiaper","True","False","","missing_name"
"zzz_REBIRTH__Core","Config\buffs.xml","buff","FuriousRamsayWindTornadoHordeNight","True","False","","missing_name"
"zzz_REBIRTH__Core","Config\buffs.xml","buff","FuriousRamsayWindTornadoHordeNightHNP","True","False","","missing_name"
"zzz_REBIRTH__Core","Config\buffs.xml","buff","FuriousRamsayWindTornadoHordeNightHNPTurbo","True","False","","missing_name"
"zzz_REBIRTH__Core","Config\buffs.xml","buff","FuriousRamsayWindTornadoNoHordeNight","True","False","","missing_name"
"zzz_REBIRTH__Core","Config\buffs.xml","buff","FuriousRamsayWindTornadoRagdoll","True","False","","missing_name"
"zzz_REBIRTH__Core","Config\buffs.xml","buff","FuriousRamsayWindTornadoVanish","True","False","","missing_name"
"zzz_REBIRTH__Core","Config\buffs.xml","buff","FuriousRamsayWitchDoctorMinions1","True","False","","missing_name"
"zzz_REBIRTH__Core","Config\buffs.xml","buff","FuriousRamsayWitchDoctorMinions10","True","False","","missing_name"
"zzz_REBIRTH__Core","Config\buffs.xml","buff","FuriousRamsayWitchDoctorMinions2","True","False","","missing_name"
"zzz_REBIRTH__Core","Config\buffs.xml","buff","FuriousRamsayWitchDoctorMinions3","True","False","","missing_name"
"zzz_REBIRTH__Core","Config\buffs.xml","buff","FuriousRamsayWitchDoctorMinions4","True","False","","missing_name"
"zzz_REBIRTH__Core","Config\buffs.xml","buff","FuriousRamsayWitchDoctorMinions5","True","False","","missing_name"
"zzz_REBIRTH__Core","Config\buffs.xml","buff","FuriousRamsayWitchDoctorMinions6","True","False","","missing_name"
"zzz_REBIRTH__Core","Config\buffs.xml","buff","FuriousRamsayWitchDoctorMinions7","True","False","","missing_name"
"zzz_REBIRTH__Core","Config\buffs.xml","buff","FuriousRamsayWitchDoctorMinions8","True","False","","missing_name"
"zzz_REBIRTH__Core","Config\buffs.xml","buff","FuriousRamsayWitchDoctorMinions9","True","False","","missing_name"
"zzz_REBIRTH__Core","Config\buffs.xml","buff","FuriousRamsayWitchDoctorZombies1","True","False","","missing_name"
"zzz_REBIRTH__Core","Config\buffs.xml","buff","FuriousRamsayWitchDoctorZombies10","True","False","","missing_name"
"zzz_REBIRTH__Core","Config\buffs.xml","buff","FuriousRamsayWitchDoctorZombies2","True","False","","missing_name"
"zzz_REBIRTH__Core","Config\buffs.xml","buff","FuriousRamsayWitchDoctorZombies3","True","False","","missing_name"
"zzz_REBIRTH__Core","Config\buffs.xml","buff","FuriousRamsayWitchDoctorZombies4","True","False","","missing_name"
"zzz_REBIRTH__Core","Config\buffs.xml","buff","FuriousRamsayWitchDoctorZombies5","True","False","","missing_name"
"zzz_REBIRTH__Core","Config\buffs.xml","buff","FuriousRamsayWitchDoctorZombies6","True","False","","missing_name"
"zzz_REBIRTH__Core","Config\buffs.xml","buff","FuriousRamsayWitchDoctorZombies7","True","False","","missing_name"
"zzz_REBIRTH__Core","Config\buffs.xml","buff","FuriousRamsayWitchDoctorZombies8","True","False","","missing_name"
"zzz_REBIRTH__Core","Config\buffs.xml","buff","FuriousRamsayWitchDoctorZombies9","True","False","","missing_name"
"zzz_REBIRTH__Core","Config\buffs.xml","buff","FuriousRamsayWraithProtection","True","False","","missing_name"
"zzz_REBIRTH__Core","Config\buffs.xml","buff","FuriousRamsayWraithProtectionBlocks","True","False","","missing_name"
"zzz_REBIRTH__Core","Config\buffs.xml","buff","FuriousRamsayZombieDamageBuff","True","False","","missing_name"
"zzz_REBIRTH__Core","Config\buffs.xml","buff","FuriousRamsayZombieDamageBuffAlly","True","False","","missing_name"
"zzz_REBIRTH__Core","Config\buffs.xml","buff","FuriousRamsayZombieDamageBuffAoE","True","False","","missing_name"
"zzz_REBIRTH__Core","Config\buffs.xml","buff","FuriousRamsayZombieDamageBuffParticle","True","False","","missing_name"
"zzz_REBIRTH__Core","Config\buffs.xml","buff","FuriousRamsayZombieDamageBuffParticleAlly","True","False","","missing_name"
"zzz_REBIRTH__Core","Config\buffs.xml","buff","FuriousRamsayZombieGiantJumpHeightAoE","True","False","","missing_name"
"zzz_REBIRTH__Core","Config\buffs.xml","buff","FuriousRamsayZombieHealingBuff","True","False","","missing_name"
"zzz_REBIRTH__Core","Config\buffs.xml","buff","FuriousRamsayZombieHealingBuffAlly","True","False","","missing_name"
"zzz_REBIRTH__Core","Config\buffs.xml","buff","FuriousRamsayZombieHealingBuffAoE","True","False","","missing_name"
"zzz_REBIRTH__Core","Config\buffs.xml","buff","FuriousRamsayZombieHealingBuffParticle","True","False","","missing_name"
"zzz_REBIRTH__Core","Config\buffs.xml","buff","FuriousRamsayZombieHealingBuffParticleAlly","True","False","","missing_name"
"zzz_REBIRTH__Core","Config\buffs.xml","buff","FuriousRamsayZombieJumpHeight","True","False","","missing_name"
"zzz_REBIRTH__Core","Config\buffs.xml","buff","FuriousRamsayZombieLeaderEventTier1Cooldown","True","False","","missing_name"
"zzz_REBIRTH__Core","Config\buffs.xml","buff","FuriousRamsayZombieRadiationBuff","True","False","","missing_name"
"zzz_REBIRTH__Core","Config\buffs.xml","buff","FuriousRamsayZombieRadiationBuffAoE","True","False","","missing_name"
"zzz_REBIRTH__Core","Config\buffs.xml","buff","FuriousRamsayZombieRadiationBuffParticle","True","False","","missing_name"
"zzz_REBIRTH__Core","Config\buffs.xml","buff","FuriousRamsayZombieShieldBuff","True","False","","missing_name"
"zzz_REBIRTH__Core","Config\buffs.xml","buff","FuriousRamsayZombieShieldBuffAlly","True","False","","missing_name"
"zzz_REBIRTH__Core","Config\buffs.xml","buff","FuriousRamsayZombieShieldBuffAoE","True","False","","missing_name"
"zzz_REBIRTH__Core","Config\buffs.xml","buff","FuriousRamsayZombieShieldBuffParticle","True","False","","missing_name"
"zzz_REBIRTH__Core","Config\buffs.xml","buff","FuriousRamsayZombieShieldBuffParticleAlly","True","False","","missing_name"
"zzz_REBIRTH__Core","Config\buffs.xml","buff","HandParticles1","True","False","","missing_name"
"zzz_REBIRTH__Core","Config\buffs.xml","buff","HandParticles10","True","False","","missing_name"
"zzz_REBIRTH__Core","Config\buffs.xml","buff","HandParticles11","True","False","","missing_name"
"zzz_REBIRTH__Core","Config\buffs.xml","buff","HandParticles2","True","False","","missing_name"
"zzz_REBIRTH__Core","Config\buffs.xml","buff","HandParticles3","True","False","","missing_name"
"zzz_REBIRTH__Core","Config\buffs.xml","buff","HandParticles4","True","False","","missing_name"
"zzz_REBIRTH__Core","Config\buffs.xml","buff","HandParticles5","True","False","","missing_name"
"zzz_REBIRTH__Core","Config\buffs.xml","buff","HandParticles6","True","False","","missing_name"
"zzz_REBIRTH__Core","Config\buffs.xml","buff","HandParticles7","True","False","","missing_name"
"zzz_REBIRTH__Core","Config\buffs.xml","buff","HandParticles8","True","False","","missing_name"
"zzz_REBIRTH__Core","Config\buffs.xml","buff","HandParticles9","True","False","","missing_name"
"zzz_REBIRTH__Core","Config\buffs.xml","buff","IsHealing","True","False","","missing_name"
"zzz_REBIRTH__Core","Config\buffs.xml","buff","NPCpegasus2","True","False","","missing_name"
"zzz_REBIRTH__Core","Config\buffs.xml","buff","PlayCompanionSpawnSound","True","False","","missing_name"
"zzz_REBIRTH__Core","Config\buffs.xml","buff","RandomIdle","True","False","","missing_name"
"zzz_REBIRTH__Core","Config\buffs.xml","buff","RandomIdle2","True","False","","missing_name"
"zzz_REBIRTH__Core","Config\buffs.xml","buff","RandomWanderIdle","True","False","","missing_name"
"zzz_REBIRTH__Core","Config\buffs.xml","buff","spawn_Event","True","False","","missing_name"
"zzz_REBIRTH__Core","Config\buffs.xml","buff","spawn_FuriousRamsay_FactionWarWave1_Tier1","True","False","","missing_name"
"zzz_REBIRTH__Core","Config\buffs.xml","buff","spawn_FuriousRamsay_Ghosts_Tier1","True","False","","missing_name"
"zzz_REBIRTH__Core","Config\buffs.xml","buff","spawn_FuriousRamsay_Hazard_Tier1","True","False","","missing_name"
"zzz_REBIRTH__Core","Config\buffs.xml","buff","spawn_FuriousRamsay_MiniHordeBossTier1","True","False","","missing_name"
"zzz_REBIRTH__Core","Config\buffs.xml","buff","spawn_FuriousRamsay_NanosEnd_Tier1","True","False","","missing_name"
"zzz_REBIRTH__Core","Config\buffs.xml","buff","spawn_FuriousRamsay_TheHunt_Tier1","True","False","","missing_name"
"zzz_REBIRTH__Core","Config\buffs.xml","buff","spawn_FuriousRamsay_ToxicTier1","True","False","","missing_name"
"zzz_REBIRTH__Core","Config\buffs.xml","buff","spawn_GameStart","True","False","","missing_name"
"zzz_REBIRTH__Core","Config\buffs.xml","buff","spawn_GameStart_companion","True","False","","missing_name"
"zzz_REBIRTH__Core","Config\buffs.xml","buff","spawn_QuestAmmoMachine","True","False","","missing_name"
"zzz_REBIRTH__Core","Config\buffs.xml","buff","spawn_QuestStarterDecoysEnd","True","False","","missing_name"
"zzz_REBIRTH__Core","Config\buffs.xml","buff","spawn_QuestStarterDecoysWave1","True","False","","missing_name"
"zzz_REBIRTH__Core","Config\buffs.xml","buff","spawn_QuestStarterDecoysWave2","True","False","","missing_name"
"zzz_REBIRTH__Core","Config\buffs.xml","buff","spawn_QuestStarterDecoysWave3","True","False","","missing_name"
"zzz_REBIRTH__Core","Config\buffs.xml","buff","VerifyFuriousRamsayPlaySoundAttributeLevel","True","False","","missing_name"
"zzz_REBIRTH__Core","Config\buffs.xml","buff","VerifyFuriousRamsayPlaySoundBriston1HeyStrangerOverHere","True","False","","missing_name"
"zzz_REBIRTH__Core","Config\buffs.xml","buff","VerifyFuriousRamsayPlaySoundBristonNewPlace","True","False","","missing_name"
"zzz_REBIRTH__Core","Config\buffs.xml","buff","VerifyFuriousRamsayPlaySoundPerkLevel","True","False","","missing_name"
"zzz_REBIRTH__Core","Config\buffs.xml","buff","WeaponTier1BatonshockDamage","True","False","","missing_name"
"zzz_REBIRTH__Core","Config\buffs.xml","buff","WeaponUser","True","False","","missing_name"
"zzz_REBIRTH__Core","Config\buffs.xml","buff","WeaponUser2","True","False","","missing_name"
"zzz_REBIRTH__Core","Config\challenges.xml","challenge","killCaveZombiesBurnt","True","False","","missing_name"
"zzz_REBIRTH__Core","Config\challenges.xml","challenge","killCaveZombiesDesert","True","False","","missing_name"
"zzz_REBIRTH__Core","Config\challenges.xml","challenge","killCaveZombiesForest","True","False","","missing_name"
"zzz_REBIRTH__Core","Config\challenges.xml","challenge","killCaveZombiesSnow","True","False","","missing_name"
"zzz_REBIRTH__Core","Config\challenges.xml","challenge","killCaveZombiesWasteland","True","False","","missing_name"
"zzz_REBIRTH__Core","Config\challenges.xml","challenge","killPistols1","True","False","","missing_name"
"zzz_REBIRTH__Core","Config\challenges.xml","challenge","killPistols2","True","False","","missing_name"
"zzz_REBIRTH__Core","Config\challenges.xml","challenge","killPistols3","True","False","","missing_name"
"zzz_REBIRTH__Core","Config\challenges.xml","challenge","killPistols4","True","False","","missing_name"
"zzz_REBIRTH__Core","Config\challenges.xml","challenge","killPistols5","True","False","","missing_name"
"zzz_REBIRTH__Core","Config\challenges.xml","challenge","killRevolvers1","True","False","","missing_name"
"zzz_REBIRTH__Core","Config\challenges.xml","challenge","killRevolvers10","True","False","","missing_name"
"zzz_REBIRTH__Core","Config\challenges.xml","challenge","killRevolvers2","True","False","","missing_name"
"zzz_REBIRTH__Core","Config\challenges.xml","challenge","killRevolvers3","True","False","","missing_name"
"zzz_REBIRTH__Core","Config\challenges.xml","challenge","killRevolvers4","True","False","","missing_name"
"zzz_REBIRTH__Core","Config\challenges.xml","challenge","killRevolvers5","True","False","","missing_name"
"zzz_REBIRTH__Core","Config\challenges.xml","challenge","killRevolvers6","True","False","","missing_name"
"zzz_REBIRTH__Core","Config\challenges.xml","challenge","killRevolvers7","True","False","","missing_name"
"zzz_REBIRTH__Core","Config\challenges.xml","challenge","killRevolvers8","True","False","","missing_name"
"zzz_REBIRTH__Core","Config\challenges.xml","challenge","killRevolvers9","True","False","","missing_name"
"zzz_REBIRTH__Core","Config\challenges.xml","challenge","redeemChallenge","True","False","","missing_name"
"zzz_REBIRTH__Core","Config\entityclasses.xml","entityclass","animalChicken","True","False","","missing_name"
"zzz_REBIRTH__Core","Config\entityclasses.xml","entityclass","FR_animalSnake","True","False","","missing_name"
"zzz_REBIRTH__Core","Config\entityclasses.xml","entityclass","FuriousRamsayAnimalBearBase","True","False","","missing_name"
"zzz_REBIRTH__Core","Config\entityclasses.xml","entityclass","FuriousRamsayAnimalBoarBase","True","False","","missing_name"
"zzz_REBIRTH__Core","Config\entityclasses.xml","entityclass","FuriousRamsayAnimalBoarCubBase","True","False","","missing_name"
"zzz_REBIRTH__Core","Config\entityclasses.xml","entityclass","FuriousRamsayAnimalBoarFemaleBase","True","False","","missing_name"
"zzz_REBIRTH__Core","Config\entityclasses.xml","entityclass","FuriousRamsayAnimalChickenBase","True","False","","missing_name"
"zzz_REBIRTH__Core","Config\entityclasses.xml","entityclass","FuriousRamsayAnimalChickenBasePickedUp","True","False","","missing_name"
"zzz_REBIRTH__Core","Config\entityclasses.xml","entityclass","FuriousRamsayAnimalDeerBase","True","False","","missing_name"
"zzz_REBIRTH__Core","Config\entityclasses.xml","entityclass","FuriousRamsayAnimalFoxBase","True","False","","missing_name"
"zzz_REBIRTH__Core","Config\entityclasses.xml","entityclass","FuriousRamsayAnimalFoxCubBase","True","False","","missing_name"
"zzz_REBIRTH__Core","Config\entityclasses.xml","entityclass","FuriousRamsayAnimalGoatBase","True","False","","missing_name"
"zzz_REBIRTH__Core","Config\entityclasses.xml","entityclass","FuriousRamsayAnimalHareBase","True","False","","missing_name"
"zzz_REBIRTH__Core","Config\entityclasses.xml","entityclass","FuriousRamsayAnimalMooseBase","True","False","","missing_name"
"zzz_REBIRTH__Core","Config\entityclasses.xml","entityclass","FuriousRamsayAnimalWolfBase","True","False","","missing_name"
"zzz_REBIRTH__Core","Config\entityclasses.xml","entityclass","FuriousRamsayAnimalWolfCubBase","True","False","","missing_name"
"zzz_REBIRTH__Core","Config\entityclasses.xml","entityclass","FuriousRamsayBanditCyborg000","True","False","","missing_name"
"zzz_REBIRTH__Core","Config\entityclasses.xml","entityclass","FuriousRamsayBanditPostapocaliptic1-001AK47","True","False","","missing_name"
"zzz_REBIRTH__Core","Config\entityclasses.xml","entityclass","FuriousRamsayBanditPostapocaliptic1-001AssaultRifle","True","False","","missing_name"
"zzz_REBIRTH__Core","Config\entityclasses.xml","entityclass","FuriousRamsayBanditPostapocaliptic1-001AutoShotgun","True","False","","missing_name"
"zzz_REBIRTH__Core","Config\entityclasses.xml","entityclass","FuriousRamsayBanditPostapocaliptic1-001Axe","True","False","","missing_name"
"zzz_REBIRTH__Core","Config\entityclasses.xml","entityclass","FuriousRamsayBanditPostapocaliptic1-001Bat","True","False","","missing_name"
"zzz_REBIRTH__Core","Config\entityclasses.xml","entityclass","FuriousRamsayBanditPostapocaliptic1-001Club","True","False","","missing_name"
"zzz_REBIRTH__Core","Config\entityclasses.xml","entityclass","FuriousRamsayBanditPostapocaliptic1-001CrossBow","True","False","","missing_name"
"zzz_REBIRTH__Core","Config\entityclasses.xml","entityclass","FuriousRamsayBanditPostapocaliptic1-001DesertVulture","True","False","","missing_name"
"zzz_REBIRTH__Core","Config\entityclasses.xml","entityclass","FuriousRamsayBanditPostapocaliptic1-001HuntingRifle","True","False","","missing_name"
"zzz_REBIRTH__Core","Config\entityclasses.xml","entityclass","FuriousRamsayBanditPostapocaliptic1-001Knife","True","False","","missing_name"
"zzz_REBIRTH__Core","Config\entityclasses.xml","entityclass","FuriousRamsayBanditPostapocaliptic1-001M60","True","False","","missing_name"
"zzz_REBIRTH__Core","Config\entityclasses.xml","entityclass","FuriousRamsayBanditPostapocaliptic1-001Machete","True","False","","missing_name"
"zzz_REBIRTH__Core","Config\entityclasses.xml","entityclass","FuriousRamsayBanditPostapocaliptic1-001PipeMachineGun","True","False","","missing_name"
"zzz_REBIRTH__Core","Config\entityclasses.xml","entityclass","FuriousRamsayBanditPostapocaliptic1-001PipePistol","True","False","","missing_name"
"zzz_REBIRTH__Core","Config\entityclasses.xml","entityclass","FuriousRamsayBanditPostapocaliptic1-001PipeRifle","True","False","","missing_name"
"zzz_REBIRTH__Core","Config\entityclasses.xml","entityclass","FuriousRamsayBanditPostapocaliptic1-001PipeShotgun","True","False","","missing_name"
"zzz_REBIRTH__Core","Config\entityclasses.xml","entityclass","FuriousRamsayBanditPostapocaliptic1-001Pistol","True","False","","missing_name"
"zzz_REBIRTH__Core","Config\entityclasses.xml","entityclass","FuriousRamsayBanditPostapocaliptic1-001PumpShotgun","True","False","","missing_name"
"zzz_REBIRTH__Core","Config\entityclasses.xml","entityclass","FuriousRamsayBanditPostapocaliptic1-001RocketLauncher","True","False","","missing_name"
"zzz_REBIRTH__Core","Config\entityclasses.xml","entityclass","FuriousRamsayBanditPostapocaliptic1-001SMG5","True","False","","missing_name"
"zzz_REBIRTH__Core","Config\entityclasses.xml","entityclass","FuriousRamsayBanditPostapocaliptic1-001SniperRifle","True","False","","missing_name"
"zzz_REBIRTH__Core","Config\entityclasses.xml","entityclass","FuriousRamsayBanditPostapocaliptic1-001Spear","True","False","","missing_name"
"zzz_REBIRTH__Core","Config\entityclasses.xml","entityclass","FuriousRamsayBanditPostapocaliptic1-001WoodenBow","True","False","","missing_name"
"zzz_REBIRTH__Core","Config\entityclasses.xml","entityclass","FuriousRamsayBanditPostapocaliptic1-1-001Bat","True","False","","missing_name"
"zzz_REBIRTH__Core","Config\entityclasses.xml","entityclass","FuriousRamsayBanditPostapocaliptic1-2-001Bat","True","False","","missing_name"
"zzz_REBIRTH__Core","Config\entityclasses.xml","entityclass","FuriousRamsayBanditPostapocaliptic2-001Bat","True","False","","missing_name"
"zzz_REBIRTH__Core","Config\entityclasses.xml","entityclass","FuriousRamsayBanditPostapocaliptic2-1-001Bat","True","False","","missing_name"
"zzz_REBIRTH__Core","Config\entityclasses.xml","entityclass","FuriousRamsayBanditPostapocaliptic2-2-001Bat","True","False","","missing_name"
"zzz_REBIRTH__Core","Config\entityclasses.xml","entityclass","FuriousRamsayBanditPostapocaliptic3-001Bat","True","False","","missing_name"
"zzz_REBIRTH__Core","Config\entityclasses.xml","entityclass","FuriousRamsayBossTemplate","True","False","","missing_name"
"zzz_REBIRTH__Core","Config\entityclasses.xml","entityclass","FuriousRamsayCloakedAnimal","True","False","","missing_name"
"zzz_REBIRTH__Core","Config\entityclasses.xml","entityclass","FuriousRamsayHostileAnimal","True","False","","missing_name"
"zzz_REBIRTH__Core","Config\entityclasses.xml","entityclass","FuriousRamsayInvisible","True","False","","missing_name"
"zzz_REBIRTH__Core","Config\entityclasses.xml","entityclass","FuriousRamsayInvisibleEntity","True","False","","missing_name"
"zzz_REBIRTH__Core","Config\entityclasses.xml","entityclass","FuriousRamsayInvisibleShockwave","True","False","","missing_name"
"zzz_REBIRTH__Core","Config\entityclasses.xml","entityclass","FuriousRamsayKamikazeMaster","True","False","","missing_name"
"zzz_REBIRTH__Core","Config\entityclasses.xml","entityclass","FuriousRamsayKatana002TemplateTier1","True","False","","missing_name"
"zzz_REBIRTH__Core","Config\entityclasses.xml","entityclass","FuriousRamsayKatana002TemplateTier2","True","False","","missing_name"
"zzz_REBIRTH__Core","Config\entityclasses.xml","entityclass","FuriousRamsayKatana002TemplateTier3","True","False","","missing_name"
"zzz_REBIRTH__Core","Config\entityclasses.xml","entityclass","FuriousRamsayKatana002TemplateTier4","True","False","","missing_name"
"zzz_REBIRTH__Core","Config\entityclasses.xml","entityclass","FuriousRamsayKatana002TemplateTier5","True","False","","missing_name"
"zzz_REBIRTH__Core","Config\entityclasses.xml","entityclass","FuriousRamsayKatana003Template","True","False","","missing_name"
"zzz_REBIRTH__Core","Config\entityclasses.xml","entityclass","FuriousRamsayLootBackpack","True","False","","missing_name"
"zzz_REBIRTH__Core","Config\entityclasses.xml","entityclass","FuriousRamsayMadmanDecoyMaster","True","False","","missing_name"
"zzz_REBIRTH__Core","Config\entityclasses.xml","entityclass","FuriousRamsayMercenaryTrader_Wandering_FR","True","False","","missing_name"
"zzz_REBIRTH__Core","Config\entityclasses.xml","entityclass","FuriousRamsayMiniHordeBossTier1Event","True","False","","missing_name"
"zzz_REBIRTH__Core","Config\entityclasses.xml","entityclass","FuriousRamsayNoEarthDamage","True","False","","missing_name"
"zzz_REBIRTH__Core","Config\entityclasses.xml","entityclass","FuriousRamsayNPC","True","False","","missing_name"
"zzz_REBIRTH__Core","Config\entityclasses.xml","entityclass","FuriousRamsayNPCDog","True","False","","missing_name"
"zzz_REBIRTH__Core","Config\entityclasses.xml","entityclass","FuriousRamsayObserver","True","False","","missing_name"
"zzz_REBIRTH__Core","Config\entityclasses.xml","entityclass","FuriousRamsayRogueCyborg000","True","False","","missing_name"
"zzz_REBIRTH__Core","Config\entityclasses.xml","entityclass","FuriousRamsayRogueRobot000","True","False","","missing_name"
"zzz_REBIRTH__Core","Config\entityclasses.xml","entityclass","FuriousRamsayScarecrow001_FR","True","False","","missing_name"
"zzz_REBIRTH__Core","Config\entityclasses.xml","entityclass","FuriousRamsayScarecrow002_FR","True","False","","missing_name"
"zzz_REBIRTH__Core","Config\entityclasses.xml","entityclass","FuriousRamsaySeeker000","True","False","","missing_name"
"zzz_REBIRTH__Core","Config\entityclasses.xml","entityclass","FuriousRamsayTrainerBerserkerSpawnMaster","True","False","","missing_name"
"zzz_REBIRTH__Core","Config\entityclasses.xml","entityclass","FuriousRamsayTrainerBerserkerSpawnTier1_FR","True","False","","missing_name"
"zzz_REBIRTH__Core","Config\entityclasses.xml","entityclass","FuriousRamsayTrainerBerserkerSpawnTier10_FR","True","False","","missing_name"
"zzz_REBIRTH__Core","Config\entityclasses.xml","entityclass","FuriousRamsayTrainerBerserkerSpawnTier2_FR","True","False","","missing_name"
"zzz_REBIRTH__Core","Config\entityclasses.xml","entityclass","FuriousRamsayTrainerBerserkerSpawnTier3_FR","True","False","","missing_name"
"zzz_REBIRTH__Core","Config\entityclasses.xml","entityclass","FuriousRamsayTrainerBerserkerSpawnTier4_FR","True","False","","missing_name"
"zzz_REBIRTH__Core","Config\entityclasses.xml","entityclass","FuriousRamsayTrainerBerserkerSpawnTier5_FR","True","False","","missing_name"
"zzz_REBIRTH__Core","Config\entityclasses.xml","entityclass","FuriousRamsayTrainerBerserkerSpawnTier6_FR","True","False","","missing_name"
"zzz_REBIRTH__Core","Config\entityclasses.xml","entityclass","FuriousRamsayTrainerBerserkerSpawnTier7_FR","True","False","","missing_name"
"zzz_REBIRTH__Core","Config\entityclasses.xml","entityclass","FuriousRamsayTrainerBerserkerSpawnTier8_FR","True","False","","missing_name"
"zzz_REBIRTH__Core","Config\entityclasses.xml","entityclass","FuriousRamsayTrainerBerserkerSpawnTier9_FR","True","False","","missing_name"
"zzz_REBIRTH__Core","Config\entityclasses.xml","entityclass","FuriousRamsayWraith000","True","False","","missing_name"
"zzz_REBIRTH__Core","Config\entityclasses.xml","entityclass","FuriousRamsayWraithSkeleton000","True","False","","missing_name"
"zzz_REBIRTH__Core","Config\entityclasses.xml","entityclass","FuriousRamsayZombieFatBase","True","False","","missing_name"
"zzz_REBIRTH__Core","Config\entityclasses.xml","entityclass","FuriousRamsayZombieGiantBase","True","False","","missing_name"
"zzz_REBIRTH__Core","Config\entityclasses.xml","entityclass","FuriousRamsayZombieLeader","True","False","","missing_name"
"zzz_REBIRTH__Core","Config\entityclasses.xml","entityclass","FuriousRamsayZombieNormalTier1","True","False","","missing_name"
"zzz_REBIRTH__Core","Config\entityclasses.xml","entityclass","FuriousRamsayZombieNormalTier1-1","True","False","","missing_name"
"zzz_REBIRTH__Core","Config\entityclasses.xml","entityclass","FuriousRamsayZombieNormalTier1-2","True","False","","missing_name"
"zzz_REBIRTH__Core","Config\entityclasses.xml","entityclass","FuriousRamsayZombieNormalTier1-3","True","False","","missing_name"
"zzz_REBIRTH__Core","Config\entityclasses.xml","entityclass","NanoCyborg000_FR","True","False","","missing_name"
"zzz_REBIRTH__Core","Config\entityclasses.xml","entityclass","NanoCyborg005_Event_FR","True","False","","missing_name"
"zzz_REBIRTH__Core","Config\entityclasses.xml","entityclass","npcAK47Template","True","False","","missing_name"
"zzz_REBIRTH__Core","Config\entityclasses.xml","entityclass","npcAK47TemplateBandit","True","False","","missing_name"
"zzz_REBIRTH__Core","Config\entityclasses.xml","entityclass","npcAK47TemplateBanditFemale","True","False","","missing_name"
"zzz_REBIRTH__Core","Config\entityclasses.xml","entityclass","npcAK47TemplateFemale","True","False","","missing_name"
"zzz_REBIRTH__Core","Config\entityclasses.xml","entityclass","npcAShotgunTemplate","True","False","","missing_name"
"zzz_REBIRTH__Core","Config\entityclasses.xml","entityclass","npcAShotgunTemplateBandit","True","False","","missing_name"
"zzz_REBIRTH__Core","Config\entityclasses.xml","entityclass","npcAShotgunTemplateBanditFemale","True","False","","missing_name"
"zzz_REBIRTH__Core","Config\entityclasses.xml","entityclass","npcAShotgunTemplateFemale","True","False","","missing_name"
"zzz_REBIRTH__Core","Config\entityclasses.xml","entityclass","npcAxeTemplate","True","False","","missing_name"
"zzz_REBIRTH__Core","Config\entityclasses.xml","entityclass","npcAxeTemplateBandit","True","False","","missing_name"
"zzz_REBIRTH__Core","Config\entityclasses.xml","entityclass","npcAxeTemplateBanditFemale","True","False","","missing_name"
"zzz_REBIRTH__Core","Config\entityclasses.xml","entityclass","npcAxeTemplateFemale","True","False","","missing_name"
"zzz_REBIRTH__Core","Config\entityclasses.xml","entityclass","npcBatTemplate","True","False","","missing_name"
"zzz_REBIRTH__Core","Config\entityclasses.xml","entityclass","npcBatTemplateBandit","True","False","","missing_name"
"zzz_REBIRTH__Core","Config\entityclasses.xml","entityclass","npcBatTemplateBanditFemale","True","False","","missing_name"
"zzz_REBIRTH__Core","Config\entityclasses.xml","entityclass","npcBatTemplateFemale","True","False","","missing_name"
"zzz_REBIRTH__Core","Config\entityclasses.xml","entityclass","npcClubTemplate","True","False","","missing_name"
"zzz_REBIRTH__Core","Config\entityclasses.xml","entityclass","npcClubTemplateBandit","True","False","","missing_name"
"zzz_REBIRTH__Core","Config\entityclasses.xml","entityclass","npcClubTemplateBanditFemale","True","False","","missing_name"
"zzz_REBIRTH__Core","Config\entityclasses.xml","entityclass","npcClubTemplateFemale","True","False","","missing_name"
"zzz_REBIRTH__Core","Config\entityclasses.xml","entityclass","npcDPistolTemplate","True","False","","missing_name"
"zzz_REBIRTH__Core","Config\entityclasses.xml","entityclass","npcDPistolTemplateBandit","True","False","","missing_name"
"zzz_REBIRTH__Core","Config\entityclasses.xml","entityclass","npcDPistolTemplateBanditFemale","True","False","","missing_name"
"zzz_REBIRTH__Core","Config\entityclasses.xml","entityclass","npcDPistolTemplateFemale","True","False","","missing_name"
"zzz_REBIRTH__Core","Config\entityclasses.xml","entityclass","npcEmptyHandTemplate","True","False","","missing_name"
"zzz_REBIRTH__Core","Config\entityclasses.xml","entityclass","npcEmptyHandTemplateBandit","True","False","","missing_name"
"zzz_REBIRTH__Core","Config\entityclasses.xml","entityclass","npcEmptyHandTemplateFemale","True","False","","missing_name"
"zzz_REBIRTH__Core","Config\entityclasses.xml","entityclass","npcHRifleTemplate","True","False","","missing_name"
"zzz_REBIRTH__Core","Config\entityclasses.xml","entityclass","npcHRifleTemplateBandit","True","False","","missing_name"
"zzz_REBIRTH__Core","Config\entityclasses.xml","entityclass","npcHRifleTemplateBanditFemale","True","False","","missing_name"
"zzz_REBIRTH__Core","Config\entityclasses.xml","entityclass","npcHRifleTemplateFemale","True","False","","missing_name"
"zzz_REBIRTH__Core","Config\entityclasses.xml","entityclass","npcKnifeTemplate","True","False","","missing_name"
"zzz_REBIRTH__Core","Config\entityclasses.xml","entityclass","npcKnifeTemplateBandit","True","False","","missing_name"
"zzz_REBIRTH__Core","Config\entityclasses.xml","entityclass","npcKnifeTemplateBanditFemale","True","False","","missing_name"
"zzz_REBIRTH__Core","Config\entityclasses.xml","entityclass","npcKnifeTemplateFemale","True","False","","missing_name"
"zzz_REBIRTH__Core","Config\entityclasses.xml","entityclass","npcLBowTemplate","True","False","","missing_name"
"zzz_REBIRTH__Core","Config\entityclasses.xml","entityclass","npcLBowTemplateBandit","True","False","","missing_name"
"zzz_REBIRTH__Core","Config\entityclasses.xml","entityclass","npcLBowTemplateBanditFemale","True","False","","missing_name"
"zzz_REBIRTH__Core","Config\entityclasses.xml","entityclass","npcLBowTemplateFemale","True","False","","missing_name"
"zzz_REBIRTH__Core","Config\entityclasses.xml","entityclass","npcM60Template","True","False","","missing_name"
"zzz_REBIRTH__Core","Config\entityclasses.xml","entityclass","npcM60TemplateBandit","True","False","","missing_name"
"zzz_REBIRTH__Core","Config\entityclasses.xml","entityclass","npcM60TemplateBanditFemale","True","False","","missing_name"
"zzz_REBIRTH__Core","Config\entityclasses.xml","entityclass","npcM60TemplateFemale","True","False","","missing_name"
"zzz_REBIRTH__Core","Config\entityclasses.xml","entityclass","npcMacheteTemplate","True","False","","missing_name"
"zzz_REBIRTH__Core","Config\entityclasses.xml","entityclass","npcMacheteTemplateBandit","True","False","","missing_name"
"zzz_REBIRTH__Core","Config\entityclasses.xml","entityclass","npcMacheteTemplateBanditFemale","True","False","","missing_name"
"zzz_REBIRTH__Core","Config\entityclasses.xml","entityclass","npcMacheteTemplateFemale","True","False","","missing_name"
"zzz_REBIRTH__Core","Config\entityclasses.xml","entityclass","npcPipeMGTemplate","True","False","","missing_name"
"zzz_REBIRTH__Core","Config\entityclasses.xml","entityclass","npcPipeMGTemplateBandit","True","False","","missing_name"
"zzz_REBIRTH__Core","Config\entityclasses.xml","entityclass","npcPipeMGTemplateBanditFemale","True","False","","missing_name"
"zzz_REBIRTH__Core","Config\entityclasses.xml","entityclass","npcPipeMGTemplateFemale","True","False","","missing_name"
"zzz_REBIRTH__Core","Config\entityclasses.xml","entityclass","npcPipePistolTemplate","True","False","","missing_name"
"zzz_REBIRTH__Core","Config\entityclasses.xml","entityclass","npcPipePistolTemplateBandit","True","False","","missing_name"
"zzz_REBIRTH__Core","Config\entityclasses.xml","entityclass","npcPipePistolTemplateBanditFemale","True","False","","missing_name"
"zzz_REBIRTH__Core","Config\entityclasses.xml","entityclass","npcPipePistolTemplateFemale","True","False","","missing_name"
"zzz_REBIRTH__Core","Config\entityclasses.xml","entityclass","npcPipeRifleTemplate","True","False","","missing_name"
"zzz_REBIRTH__Core","Config\entityclasses.xml","entityclass","npcPipeRifleTemplateBandit","True","False","","missing_name"
"zzz_REBIRTH__Core","Config\entityclasses.xml","entityclass","npcPipeRifleTemplateBanditFemale","True","False","","missing_name"
"zzz_REBIRTH__Core","Config\entityclasses.xml","entityclass","npcPipeRifleTemplateFemale","True","False","","missing_name"
"zzz_REBIRTH__Core","Config\entityclasses.xml","entityclass","npcPipeShotgunTemplate","True","False","","missing_name"
"zzz_REBIRTH__Core","Config\entityclasses.xml","entityclass","npcPipeShotgunTemplateBandit","True","False","","missing_name"
"zzz_REBIRTH__Core","Config\entityclasses.xml","entityclass","npcPipeShotgunTemplateBanditFemale","True","False","","missing_name"
"zzz_REBIRTH__Core","Config\entityclasses.xml","entityclass","npcPipeShotgunTemplateFemale","True","False","","missing_name"
"zzz_REBIRTH__Core","Config\entityclasses.xml","entityclass","npcPistolTemplate","True","False","","missing_name"
"zzz_REBIRTH__Core","Config\entityclasses.xml","entityclass","npcPistolTemplateBandit","True","False","","missing_name"
"zzz_REBIRTH__Core","Config\entityclasses.xml","entityclass","npcPistolTemplateBanditFemale","True","False","","missing_name"
"zzz_REBIRTH__Core","Config\entityclasses.xml","entityclass","npcPistolTemplateFemale","True","False","","missing_name"
"zzz_REBIRTH__Core","Config\entityclasses.xml","entityclass","npcPShotgunTemplate","True","False","","missing_name"
"zzz_REBIRTH__Core","Config\entityclasses.xml","entityclass","npcPShotgunTemplateBandit","True","False","","missing_name"
"zzz_REBIRTH__Core","Config\entityclasses.xml","entityclass","npcPShotgunTemplateBanditFemale","True","False","","missing_name"
"zzz_REBIRTH__Core","Config\entityclasses.xml","entityclass","npcPShotgunTemplateFemale","True","False","","missing_name"
"zzz_REBIRTH__Core","Config\entityclasses.xml","entityclass","npcRocketLTemplate","True","False","","missing_name"
"zzz_REBIRTH__Core","Config\entityclasses.xml","entityclass","npcRocketLTemplateBandit","True","False","","missing_name"
"zzz_REBIRTH__Core","Config\entityclasses.xml","entityclass","npcRocketLTemplateBanditFemale","True","False","","missing_name"
"zzz_REBIRTH__Core","Config\entityclasses.xml","entityclass","npcRocketLTemplateFemale","True","False","","missing_name"
"zzz_REBIRTH__Core","Config\entityclasses.xml","entityclass","npcSMGTemplate","True","False","","missing_name"
"zzz_REBIRTH__Core","Config\entityclasses.xml","entityclass","npcSMGTemplateBandit","True","False","","missing_name"
"zzz_REBIRTH__Core","Config\entityclasses.xml","entityclass","npcSMGTemplateBanditFemale","True","False","","missing_name"
"zzz_REBIRTH__Core","Config\entityclasses.xml","entityclass","npcSMGTemplateFemale","True","False","","missing_name"
"zzz_REBIRTH__Core","Config\entityclasses.xml","entityclass","npcSpearTemplate","True","False","","missing_name"
"zzz_REBIRTH__Core","Config\entityclasses.xml","entityclass","npcSpearTemplateBandit","True","False","","missing_name"
"zzz_REBIRTH__Core","Config\entityclasses.xml","entityclass","npcSpearTemplateBanditFemale","True","False","","missing_name"
"zzz_REBIRTH__Core","Config\entityclasses.xml","entityclass","npcSpearTemplateFemale","True","False","","missing_name"
"zzz_REBIRTH__Core","Config\entityclasses.xml","entityclass","npcSRifleTemplate","True","False","","missing_name"
"zzz_REBIRTH__Core","Config\entityclasses.xml","entityclass","npcSRifleTemplateBandit","True","False","","missing_name"
"zzz_REBIRTH__Core","Config\entityclasses.xml","entityclass","npcSRifleTemplateBanditFemale","True","False","","missing_name"
"zzz_REBIRTH__Core","Config\entityclasses.xml","entityclass","npcSRifleTemplateFemale","True","False","","missing_name"
"zzz_REBIRTH__Core","Config\entityclasses.xml","entityclass","npcTRifleTemplate","True","False","","missing_name"
"zzz_REBIRTH__Core","Config\entityclasses.xml","entityclass","npcTRifleTemplateBandit","True","False","","missing_name"
"zzz_REBIRTH__Core","Config\entityclasses.xml","entityclass","npcTRifleTemplateBanditFemale","True","False","","missing_name"
"zzz_REBIRTH__Core","Config\entityclasses.xml","entityclass","npcTRifleTemplateFemale","True","False","","missing_name"
"zzz_REBIRTH__Core","Config\entityclasses.xml","entityclass","npcXBowTemplate","True","False","","missing_name"
"zzz_REBIRTH__Core","Config\entityclasses.xml","entityclass","npcXBowTemplateBandit","True","False","","missing_name"
"zzz_REBIRTH__Core","Config\entityclasses.xml","entityclass","npcXBowTemplateBanditFemale","True","False","","missing_name"
"zzz_REBIRTH__Core","Config\entityclasses.xml","entityclass","npcXBowTemplateFemale","True","False","","missing_name"
"zzz_REBIRTH__Core","Config\entityclasses.xml","entityclass","trader_FR","True","False","","missing_name"
"zzz_REBIRTH__Core","Config\entityclasses.xml","entityclass","TrainerBeserker_POI_FR","True","False","","missing_name"
"zzz_REBIRTH__Core","Config\entityclasses.xml","entityclass","zombieNurseTaintedTest","True","False","","missing_name"
"zzz_REBIRTH__Core","Config\entityclasses.xml","entityclass","zombieTemplateMaleFeral","True","False","","missing_name"
"zzz_REBIRTH__Core","Config\entityclasses.xml","entityclass","zombieTemplateMaleFeralShort","True","False","","missing_name"
"zzz_REBIRTH__Core","Config\entityclasses.xml","entityclass","zombieTemplateMaleFeralStrong","True","False","","missing_name"
"zzz_REBIRTH__Core","Config\entityclasses.xml","entityclass","zombieTemplateMaleShort","True","False","","missing_name"
"zzz_REBIRTH__Core","Config\entityclasses.xml","entityclass","zombieTemplateMaleStrong","True","False","","missing_name"
"zzz_REBIRTH__Core","Config\items.xml","item","adminRebirthFirstAidKit","True","True","adminRebirthFirstAidKitDesc","missing_name_and_desc"
"zzz_REBIRTH__Core","Config\items.xml","item","AmmoBundle44FullTier1","False","True","AmmoBundle44FullTier1Desc","missing_desc_only"
"zzz_REBIRTH__Core","Config\items.xml","item","AmmoBundle44Tier1","False","True","AmmoBundle44Tier1Desc","missing_desc_only"
"zzz_REBIRTH__Core","Config\items.xml","item","AmmoBundle44Tier2","False","True","AmmoBundle44Tier2Desc","missing_desc_only"
"zzz_REBIRTH__Core","Config\items.xml","item","AmmoBundle44Tier3","False","True","AmmoBundle44Tier3Desc","missing_desc_only"
"zzz_REBIRTH__Core","Config\items.xml","item","AmmoBundle44Tier4","False","True","AmmoBundle44Tier4Desc","missing_desc_only"
"zzz_REBIRTH__Core","Config\items.xml","item","AmmoBundle44Tier5","False","True","AmmoBundle44Tier5Desc","missing_desc_only"
"zzz_REBIRTH__Core","Config\items.xml","item","AmmoBundle762FullTier1","False","True","AmmoBundle762FullTier1Desc","missing_desc_only"
"zzz_REBIRTH__Core","Config\items.xml","item","AmmoBundle762Tier1","False","True","AmmoBundle762Tier1Desc","missing_desc_only"
"zzz_REBIRTH__Core","Config\items.xml","item","AmmoBundle762Tier2","False","True","AmmoBundle762Tier2Desc","missing_desc_only"
"zzz_REBIRTH__Core","Config\items.xml","item","AmmoBundle762Tier3","False","True","AmmoBundle762Tier3Desc","missing_desc_only"
"zzz_REBIRTH__Core","Config\items.xml","item","AmmoBundle762Tier4","False","True","AmmoBundle762Tier4Desc","missing_desc_only"
"zzz_REBIRTH__Core","Config\items.xml","item","AmmoBundle762Tier5","False","True","AmmoBundle762Tier5Desc","missing_desc_only"
"zzz_REBIRTH__Core","Config\items.xml","item","AmmoBundle9mmFullTier1","False","True","AmmoBundle9mmFullTier1Desc","missing_desc_only"
"zzz_REBIRTH__Core","Config\items.xml","item","AmmoBundle9mmTier1","False","True","AmmoBundle9mmTier1Desc","missing_desc_only"
"zzz_REBIRTH__Core","Config\items.xml","item","AmmoBundle9mmTier2","False","True","AmmoBundle9mmTier2Desc","missing_desc_only"
"zzz_REBIRTH__Core","Config\items.xml","item","AmmoBundle9mmTier3","False","True","AmmoBundle9mmTier3Desc","missing_desc_only"
"zzz_REBIRTH__Core","Config\items.xml","item","AmmoBundle9mmTier4","False","True","AmmoBundle9mmTier4Desc","missing_desc_only"
"zzz_REBIRTH__Core","Config\items.xml","item","AmmoBundle9mmTier5","False","True","AmmoBundle9mmTier5Desc","missing_desc_only"
"zzz_REBIRTH__Core","Config\items.xml","item","AmmoBundleArrowTier1","False","True","AmmoBundleArrowTier1Desc","missing_desc_only"
"zzz_REBIRTH__Core","Config\items.xml","item","AmmoBundleArrowTier2","False","True","AmmoBundleArrowTier2Desc","missing_desc_only"
"zzz_REBIRTH__Core","Config\items.xml","item","AmmoBundleArrowTier3","False","True","AmmoBundleArrowTier3Desc","missing_desc_only"
"zzz_REBIRTH__Core","Config\items.xml","item","AmmoBundleArrowTier4","False","True","AmmoBundleArrowTier4Desc","missing_desc_only"
"zzz_REBIRTH__Core","Config\items.xml","item","AmmoBundleArrowTier5","False","True","AmmoBundleArrowTier5Desc","missing_desc_only"
"zzz_REBIRTH__Core","Config\items.xml","item","AmmoBundleShellFullTier1","False","True","AmmoBundleShellFullTier1Desc","missing_desc_only"
"zzz_REBIRTH__Core","Config\items.xml","item","AmmoBundleShellTier1","False","True","AmmoBundleShellTier1Desc","missing_desc_only"
"zzz_REBIRTH__Core","Config\items.xml","item","AmmoBundleShellTier2","False","True","AmmoBundleShellTier2Desc","missing_desc_only"
"zzz_REBIRTH__Core","Config\items.xml","item","AmmoBundleShellTier3","False","True","AmmoBundleShellTier3Desc","missing_desc_only"
"zzz_REBIRTH__Core","Config\items.xml","item","AmmoBundleShellTier4","False","True","AmmoBundleShellTier4Desc","missing_desc_only"
"zzz_REBIRTH__Core","Config\items.xml","item","AmmoBundleShellTier5","False","True","AmmoBundleShellTier5Desc","missing_desc_only"
"zzz_REBIRTH__Core","Config\items.xml","item","AmmoBundleTurretTier1","False","True","AmmoBundleTurretTier1Desc","missing_desc_only"
"zzz_REBIRTH__Core","Config\items.xml","item","AmmoBundleTurretTier2","False","True","AmmoBundleTurretTier2Desc","missing_desc_only"
"zzz_REBIRTH__Core","Config\items.xml","item","AmmoBundleTurretTier3","False","True","AmmoBundleTurretTier3Desc","missing_desc_only"
"zzz_REBIRTH__Core","Config\items.xml","item","AmmoBundleTurretTier4","False","True","AmmoBundleTurretTier4Desc","missing_desc_only"
"zzz_REBIRTH__Core","Config\items.xml","item","AmmoBundleTurretTier5","False","True","AmmoBundleTurretTier5Desc","missing_desc_only"
"zzz_REBIRTH__Core","Config\items.xml","item","ammoNPC762mmBulletBall","True","True","ammoNPC762mmBulletBallDesc","missing_name_and_desc"
"zzz_REBIRTH__Core","Config\items.xml","item","ammoNPC9mmBulletBall","True","True","ammoNPC9mmBulletBallDesc","missing_name_and_desc"
"zzz_REBIRTH__Core","Config\items.xml","item","ammoNPCArrowIron","True","True","ammoNPCArrowIronDesc","missing_name_and_desc"
"zzz_REBIRTH__Core","Config\items.xml","item","ammoNPCCrossbowBoltIron","True","True","ammoNPCCrossbowBoltIronDesc","missing_name_and_desc"
"zzz_REBIRTH__Core","Config\items.xml","item","ammoNPCCrossbowBoltIron2","True","True","ammoNPCCrossbowBoltIron2Desc","missing_name_and_desc"
"zzz_REBIRTH__Core","Config\items.xml","item","ammoNPCRocketHE","True","True","ammoNPCRocketHEDesc","missing_name_and_desc"
"zzz_REBIRTH__Core","Config\items.xml","item","ammoNPCShotgunShell","True","True","ammoNPCShotgunShellDesc","missing_name_and_desc"
"zzz_REBIRTH__Core","Config\items.xml","item","ammoProjectileZombieMutatedFeral","True","True","ammoProjectileZombieMutatedFeralDesc","missing_name_and_desc"
"zzz_REBIRTH__Core","Config\items.xml","item","ammoProjectileZombieMutatedRadiated","True","True","ammoProjectileZombieMutatedRadiatedDesc","missing_name_and_desc"
"zzz_REBIRTH__Core","Config\items.xml","item","ammoProjectileZombieMutatedTainted","True","True","ammoProjectileZombieMutatedTaintedDesc","missing_name_and_desc"
"zzz_REBIRTH__Core","Config\items.xml","item","AssaultRifle01_FRSchematic","False","True","AssaultRifle01_FRSchematicDesc","missing_desc_only"
"zzz_REBIRTH__Core","Config\items.xml","item","AssaultRifle02_FRSchematic","False","True","AssaultRifle02_FRSchematicDesc","missing_desc_only"
"zzz_REBIRTH__Core","Config\items.xml","item","auraExplosion","True","True","auraExplosionDesc","missing_name_and_desc"
"zzz_REBIRTH__Core","Config\items.xml","item","autoTurretSchematic","True","True","autoTurretSchematicDesc","missing_name_and_desc"
"zzz_REBIRTH__Core","Config\items.xml","item","batterybankSchematic","True","True","batterybankSchematicDesc","missing_name_and_desc"
"zzz_REBIRTH__Core","Config\items.xml","item","bladeTrapSchematic","True","True","bladeTrapSchematicDesc","missing_name_and_desc"
"zzz_REBIRTH__Core","Config\items.xml","item","ChangeModelLayerPlayer","True","True","ChangeModelLayerPlayerDesc","missing_name_and_desc"
"zzz_REBIRTH__Core","Config\items.xml","item","ChangeModelLayerZombies","True","True","ChangeModelLayerZombiesDesc","missing_name_and_desc"
"zzz_REBIRTH__Core","Config\items.xml","item","ConsumableTemplate","True","True","ConsumableTemplateDesc","missing_name_and_desc"
"zzz_REBIRTH__Core","Config\items.xml","item","customItem","True","True","customItemDesc","missing_name_and_desc"
"zzz_REBIRTH__Core","Config\items.xml","item","dartTrapSchematic","True","True","dartTrapSchematicDesc","missing_name_and_desc"
"zzz_REBIRTH__Core","Config\items.xml","item","drinkCanEmpty","True","False","drinkCanEmptyDesc","missing_name"
"zzz_REBIRTH__Core","Config\items.xml","item","drinkJarBeerSchematic","True","True","drinkJarBeerSchematicDesc","missing_name_and_desc"
"zzz_REBIRTH__Core","Config\items.xml","item","drinkJarCoffeeSchematic","True","True","drinkJarCoffeeSchematicDesc","missing_name_and_desc"
"zzz_REBIRTH__Core","Config\items.xml","item","drinkJarGoldenRodTeaSchematic","True","True","drinkJarGoldenRodTeaSchematicDesc","missing_name_and_desc"
"zzz_REBIRTH__Core","Config\items.xml","item","drinkJarRedTeaSchematic","True","True","drinkJarRedTeaSchematicDesc","missing_name_and_desc"
"zzz_REBIRTH__Core","Config\items.xml","item","drinkJarYuccaJuiceSchematic","False","True","drinkJarYuccaJuiceSchematicDesc","missing_desc_only"
"zzz_REBIRTH__Core","Config\items.xml","item","drugAntibioticsSchematic","True","True","drugAntibioticsSchematicDesc","missing_name_and_desc"
"zzz_REBIRTH__Core","Config\items.xml","item","drugHerbalAntibioticsSchematic","True","True","drugHerbalAntibioticsSchematicDesc","missing_name_and_desc"
"zzz_REBIRTH__Core","Config\items.xml","item","electricfencepostSchematic","True","True","electricfencepostSchematicDesc","missing_name_and_desc"
"zzz_REBIRTH__Core","Config\items.xml","item","electrictimerrelaySchematic","True","True","electrictimerrelaySchematicDesc","missing_name_and_desc"
"zzz_REBIRTH__Core","Config\items.xml","item","electricwirerelaySchematic","False","True","electricwirerelaySchematicDesc","missing_desc_only"
"zzz_REBIRTH__Core","Config\items.xml","item","foodBlueberryPieSchematic","True","True","foodBlueberryPieSchematicDesc","missing_name_and_desc"
"zzz_REBIRTH__Core","Config\items.xml","item","foodChiliDogSchematic","True","True","foodChiliDogSchematicDesc","missing_name_and_desc"
"zzz_REBIRTH__Core","Config\items.xml","item","foodCornBreadSchematic","True","True","foodCornBreadSchematicDesc","missing_name_and_desc"
"zzz_REBIRTH__Core","Config\items.xml","item","foodFishTacosSchematic","True","True","foodFishTacosSchematicDesc","missing_name_and_desc"
"zzz_REBIRTH__Core","Config\items.xml","item","foodGumboStewSchematic","True","True","foodGumboStewSchematicDesc","missing_name_and_desc"
"zzz_REBIRTH__Core","Config\items.xml","item","foodHoboStewSchematic","True","True","foodHoboStewSchematicDesc","missing_name_and_desc"
"zzz_REBIRTH__Core","Config\items.xml","item","foodMeatStewSchematic","True","True","foodMeatStewSchematicDesc","missing_name_and_desc"
"zzz_REBIRTH__Core","Config\items.xml","item","foodPumpkinBreadSchematic","True","True","foodPumpkinBreadSchematicDesc","missing_name_and_desc"
"zzz_REBIRTH__Core","Config\items.xml","item","foodPumpkinCheesecakeSchematic","True","True","foodPumpkinCheesecakeSchematicDesc","missing_name_and_desc"
"zzz_REBIRTH__Core","Config\items.xml","item","foodPumpkinPieSchematic","True","True","foodPumpkinPieSchematicDesc","missing_name_and_desc"
"zzz_REBIRTH__Core","Config\items.xml","item","foodShamChowderSchematic","True","True","foodShamChowderSchematicDesc","missing_name_and_desc"
"zzz_REBIRTH__Core","Config\items.xml","item","foodShepardsPieSchematic","True","True","foodShepardsPieSchematicDesc","missing_name_and_desc"
"zzz_REBIRTH__Core","Config\items.xml","item","foodSteakAndPotatoSchematic","True","True","foodSteakAndPotatoSchematicDesc","missing_name_and_desc"
"zzz_REBIRTH__Core","Config\items.xml","item","foodTunaFishGravyToastSchematic","True","True","foodTunaFishGravyToastSchematicDesc","missing_name_and_desc"
"zzz_REBIRTH__Core","Config\items.xml","item","foodVegetableStewSchematic","True","True","foodVegetableStewSchematicDesc","missing_name_and_desc"
"zzz_REBIRTH__Core","Config\items.xml","item","FuriousRamsay_GE_1","True","True","FuriousRamsay_GE_1Desc","missing_name_and_desc"
"zzz_REBIRTH__Core","Config\items.xml","item","FuriousRamsay_GE_10","True","True","FuriousRamsay_GE_10Desc","missing_name_and_desc"
"zzz_REBIRTH__Core","Config\items.xml","item","FuriousRamsay_GE_11","True","True","FuriousRamsay_GE_11Desc","missing_name_and_desc"
"zzz_REBIRTH__Core","Config\items.xml","item","FuriousRamsay_GE_12","True","True","FuriousRamsay_GE_12Desc","missing_name_and_desc"
"zzz_REBIRTH__Core","Config\items.xml","item","FuriousRamsay_GE_13","True","True","FuriousRamsay_GE_13Desc","missing_name_and_desc"
"zzz_REBIRTH__Core","Config\items.xml","item","FuriousRamsay_GE_14","True","True","FuriousRamsay_GE_14Desc","missing_name_and_desc"
"zzz_REBIRTH__Core","Config\items.xml","item","FuriousRamsay_GE_15","True","True","FuriousRamsay_GE_15Desc","missing_name_and_desc"
"zzz_REBIRTH__Core","Config\items.xml","item","FuriousRamsay_GE_16","True","True","FuriousRamsay_GE_16Desc","missing_name_and_desc"
"zzz_REBIRTH__Core","Config\items.xml","item","FuriousRamsay_GE_17","True","True","FuriousRamsay_GE_17Desc","missing_name_and_desc"
"zzz_REBIRTH__Core","Config\items.xml","item","FuriousRamsay_GE_2","True","True","FuriousRamsay_GE_2Desc","missing_name_and_desc"
"zzz_REBIRTH__Core","Config\items.xml","item","FuriousRamsay_GE_3","True","True","FuriousRamsay_GE_3Desc","missing_name_and_desc"
"zzz_REBIRTH__Core","Config\items.xml","item","FuriousRamsay_GE_4","True","True","FuriousRamsay_GE_4Desc","missing_name_and_desc"
"zzz_REBIRTH__Core","Config\items.xml","item","FuriousRamsay_GE_5","True","True","FuriousRamsay_GE_5Desc","missing_name_and_desc"
"zzz_REBIRTH__Core","Config\items.xml","item","FuriousRamsay_GE_6","True","True","FuriousRamsay_GE_6Desc","missing_name_and_desc"
"zzz_REBIRTH__Core","Config\items.xml","item","FuriousRamsay_GE_7","True","True","FuriousRamsay_GE_7Desc","missing_name_and_desc"
"zzz_REBIRTH__Core","Config\items.xml","item","FuriousRamsay_GE_8","True","True","FuriousRamsay_GE_8Desc","missing_name_and_desc"
"zzz_REBIRTH__Core","Config\items.xml","item","FuriousRamsay_GE_9","True","True","FuriousRamsay_GE_9Desc","missing_name_and_desc"
"zzz_REBIRTH__Core","Config\items.xml","item","FuriousRamsayAnimalBearCubHand","True","True","FuriousRamsayAnimalBearCubHandDesc","missing_name_and_desc"
"zzz_REBIRTH__Core","Config\items.xml","item","FuriousRamsayAnimalBearFemaleHand","True","True","FuriousRamsayAnimalBearFemaleHandDesc","missing_name_and_desc"
"zzz_REBIRTH__Core","Config\items.xml","item","FuriousRamsayAnimalBearMaleHand","True","True","FuriousRamsayAnimalBearMaleHandDesc","missing_name_and_desc"
"zzz_REBIRTH__Core","Config\items.xml","item","FuriousRamsayAnimalBoarCubHand","True","True","FuriousRamsayAnimalBoarCubHandDesc","missing_name_and_desc"
"zzz_REBIRTH__Core","Config\items.xml","item","FuriousRamsayAnimalBoarFemaleHand","True","True","FuriousRamsayAnimalBoarFemaleHandDesc","missing_name_and_desc"
"zzz_REBIRTH__Core","Config\items.xml","item","FuriousRamsayAnimalBoarMaleHand","True","True","FuriousRamsayAnimalBoarMaleHandDesc","missing_name_and_desc"
"zzz_REBIRTH__Core","Config\items.xml","item","FuriousRamsayAnimalDeerCalfHand","True","True","FuriousRamsayAnimalDeerCalfHandDesc","missing_name_and_desc"
"zzz_REBIRTH__Core","Config\items.xml","item","FuriousRamsayAnimalDeerFemaleHand","True","True","FuriousRamsayAnimalDeerFemaleHandDesc","missing_name_and_desc"
"zzz_REBIRTH__Core","Config\items.xml","item","FuriousRamsayAnimalDeerMaleHand","True","True","FuriousRamsayAnimalDeerMaleHandDesc","missing_name_and_desc"
"zzz_REBIRTH__Core","Config\items.xml","item","FuriousRamsayAnimalFoxCubHand","True","True","FuriousRamsayAnimalFoxCubHandDesc","missing_name_and_desc"
"zzz_REBIRTH__Core","Config\items.xml","item","FuriousRamsayAnimalFoxMaleHand","True","True","FuriousRamsayAnimalFoxMaleHandDesc","missing_name_and_desc"
"zzz_REBIRTH__Core","Config\items.xml","item","FuriousRamsayAnimalGoatBabyHand","True","True","FuriousRamsayAnimalGoatBabyHandDesc","missing_name_and_desc"
"zzz_REBIRTH__Core","Config\items.xml","item","FuriousRamsayAnimalGoatFemaleHand","True","True","FuriousRamsayAnimalGoatFemaleHandDesc","missing_name_and_desc"
"zzz_REBIRTH__Core","Config\items.xml","item","FuriousRamsayAnimalGoatMaleHand","True","True","FuriousRamsayAnimalGoatMaleHandDesc","missing_name_and_desc"
"zzz_REBIRTH__Core","Config\items.xml","item","FuriousRamsayAnimalHareMaleHand","True","True","FuriousRamsayAnimalHareMaleHandDesc","missing_name_and_desc"
"zzz_REBIRTH__Core","Config\items.xml","item","FuriousRamsayAnimalMooseCalfHand","True","True","FuriousRamsayAnimalMooseCalfHandDesc","missing_name_and_desc"
"zzz_REBIRTH__Core","Config\items.xml","item","FuriousRamsayAnimalMooseFemaleHand","True","True","FuriousRamsayAnimalMooseFemaleHandDesc","missing_name_and_desc"
"zzz_REBIRTH__Core","Config\items.xml","item","FuriousRamsayAnimalMooseMaleHand","True","True","FuriousRamsayAnimalMooseMaleHandDesc","missing_name_and_desc"
"zzz_REBIRTH__Core","Config\items.xml","item","FuriousRamsayAnimals","True","True","FuriousRamsayAnimalsDesc","missing_name_and_desc"
"zzz_REBIRTH__Core","Config\items.xml","item","FuriousRamsayAnimalWolfCubHand","True","True","FuriousRamsayAnimalWolfCubHandDesc","missing_name_and_desc"
"zzz_REBIRTH__Core","Config\items.xml","item","FuriousRamsayAnimalWolfMaleDesertHand","True","True","FuriousRamsayAnimalWolfMaleDesertHandDesc","missing_name_and_desc"
"zzz_REBIRTH__Core","Config\items.xml","item","FuriousRamsayAnimalWolfMaleForest2Hand","True","True","FuriousRamsayAnimalWolfMaleForest2HandDesc","missing_name_and_desc"
"zzz_REBIRTH__Core","Config\items.xml","item","FuriousRamsayAnimalWolfMaleForestHand","True","True","FuriousRamsayAnimalWolfMaleForestHandDesc","missing_name_and_desc"
"zzz_REBIRTH__Core","Config\items.xml","item","FuriousRamsayAnimalWolfMaleForestHandSmall","True","True","FuriousRamsayAnimalWolfMaleForestHandSmallDesc","missing_name_and_desc"
"zzz_REBIRTH__Core","Config\items.xml","item","FuriousRamsayAnimalWolfMaleSnowHand","True","True","FuriousRamsayAnimalWolfMaleSnowHandDesc","missing_name_and_desc"
"zzz_REBIRTH__Core","Config\items.xml","item","FuriousRamsayArmorBootFire","True","True","FuriousRamsayArmorBootFireDesc","missing_name_and_desc"
"zzz_REBIRTH__Core","Config\items.xml","item","FuriousRamsayArmorBootFireShock","True","True","FuriousRamsayArmorBootFireShockDesc","missing_name_and_desc"
"zzz_REBIRTH__Core","Config\items.xml","item","FuriousRamsayArmorBootFireShockSmoke","True","True","FuriousRamsayArmorBootFireShockSmokeDesc","missing_name_and_desc"
"zzz_REBIRTH__Core","Config\items.xml","item","FuriousRamsayArmorBootShock","True","True","FuriousRamsayArmorBootShockDesc","missing_name_and_desc"
"zzz_REBIRTH__Core","Config\items.xml","item","FuriousRamsayArmorBootSmoke","True","True","FuriousRamsayArmorBootSmokeDesc","missing_name_and_desc"
"zzz_REBIRTH__Core","Config\items.xml","item","FuriousRamsayArmorChestFire","True","True","FuriousRamsayArmorChestFireDesc","missing_name_and_desc"
"zzz_REBIRTH__Core","Config\items.xml","item","FuriousRamsayArmorChestFireShock","True","True","FuriousRamsayArmorChestFireShockDesc","missing_name_and_desc"
"zzz_REBIRTH__Core","Config\items.xml","item","FuriousRamsayArmorChestFireShockSmoke","True","True","FuriousRamsayArmorChestFireShockSmokeDesc","missing_name_and_desc"
"zzz_REBIRTH__Core","Config\items.xml","item","FuriousRamsayArmorChestShock","True","True","FuriousRamsayArmorChestShockDesc","missing_name_and_desc"
"zzz_REBIRTH__Core","Config\items.xml","item","FuriousRamsayArmorChestSmoke","True","True","FuriousRamsayArmorChestSmokeDesc","missing_name_and_desc"
"zzz_REBIRTH__Core","Config\items.xml","item","FuriousRamsayArmorGloveFire","True","True","FuriousRamsayArmorGloveFireDesc","missing_name_and_desc"
"zzz_REBIRTH__Core","Config\items.xml","item","FuriousRamsayArmorGloveFireShock","True","True","FuriousRamsayArmorGloveFireShockDesc","missing_name_and_desc"
"zzz_REBIRTH__Core","Config\items.xml","item","FuriousRamsayArmorGloveFireShockSmoke","True","True","FuriousRamsayArmorGloveFireShockSmokeDesc","missing_name_and_desc"
"zzz_REBIRTH__Core","Config\items.xml","item","FuriousRamsayArmorGloveShock","True","True","FuriousRamsayArmorGloveShockDesc","missing_name_and_desc"
"zzz_REBIRTH__Core","Config\items.xml","item","FuriousRamsayArmorGloveSmoke","True","True","FuriousRamsayArmorGloveSmokeDesc","missing_name_and_desc"
"zzz_REBIRTH__Core","Config\items.xml","item","FuriousRamsayArmorHelmetFire","True","True","FuriousRamsayArmorHelmetFireDesc","missing_name_and_desc"
"zzz_REBIRTH__Core","Config\items.xml","item","FuriousRamsayArmorHelmetFireShock","True","True","FuriousRamsayArmorHelmetFireShockDesc","missing_name_and_desc"
"zzz_REBIRTH__Core","Config\items.xml","item","FuriousRamsayArmorHelmetFireShockSmoke","True","True","FuriousRamsayArmorHelmetFireShockSmokeDesc","missing_name_and_desc"
"zzz_REBIRTH__Core","Config\items.xml","item","FuriousRamsayArmorHelmetShock","True","True","FuriousRamsayArmorHelmetShockDesc","missing_name_and_desc"
"zzz_REBIRTH__Core","Config\items.xml","item","FuriousRamsayArmorHelmetSmoke","True","True","FuriousRamsayArmorHelmetSmokeDesc","missing_name_and_desc"
"zzz_REBIRTH__Core","Config\items.xml","item","FuriousRamsayArmorLegFire","True","True","FuriousRamsayArmorLegFireDesc","missing_name_and_desc"
"zzz_REBIRTH__Core","Config\items.xml","item","FuriousRamsayArmorLegFireShock","True","True","FuriousRamsayArmorLegFireShockDesc","missing_name_and_desc"
"zzz_REBIRTH__Core","Config\items.xml","item","FuriousRamsayArmorLegFireShockSmoke","True","True","FuriousRamsayArmorLegFireShockSmokeDesc","missing_name_and_desc"
"zzz_REBIRTH__Core","Config\items.xml","item","FuriousRamsayArmorLegShock","True","True","FuriousRamsayArmorLegShockDesc","missing_name_and_desc"
"zzz_REBIRTH__Core","Config\items.xml","item","FuriousRamsayArmorLegSmoke","True","True","FuriousRamsayArmorLegSmokeDesc","missing_name_and_desc"
"zzz_REBIRTH__Core","Config\items.xml","item","FuriousRamsayArmorMasterFire","True","True","FuriousRamsayArmorMasterFireDesc","missing_name_and_desc"
"zzz_REBIRTH__Core","Config\items.xml","item","FuriousRamsayArmorMasterFireShock","True","True","FuriousRamsayArmorMasterFireShockDesc","missing_name_and_desc"
"zzz_REBIRTH__Core","Config\items.xml","item","FuriousRamsayArmorMasterFireShockSmoke","True","True","FuriousRamsayArmorMasterFireShockSmokeDesc","missing_name_and_desc"
"zzz_REBIRTH__Core","Config\items.xml","item","FuriousRamsayArmorMasterShock","True","True","FuriousRamsayArmorMasterShockDesc","missing_name_and_desc"
"zzz_REBIRTH__Core","Config\items.xml","item","FuriousRamsayArmorMasterSmoke","True","True","FuriousRamsayArmorMasterSmokeDesc","missing_name_and_desc"
"zzz_REBIRTH__Core","Config\items.xml","item","FuriousRamsayAttributeSound","True","True","FuriousRamsayAttributeSoundDesc","missing_name_and_desc"
"zzz_REBIRTH__Core","Config\items.xml","item","FuriousRamsayBandit001","True","True","FuriousRamsayBandit001Desc","missing_name_and_desc"
"zzz_REBIRTH__Core","Config\items.xml","item","FuriousRamsayBanditCyborg001A","True","True","FuriousRamsayBanditCyborg001ADesc","missing_name_and_desc"
"zzz_REBIRTH__Core","Config\items.xml","item","FuriousRamsayBanditsApo","True","True","FuriousRamsayBanditsApoDesc","missing_name_and_desc"
"zzz_REBIRTH__Core","Config\items.xml","item","FuriousRamsayBiomeAnimals","True","True","FuriousRamsayBiomeAnimalsDesc","missing_name_and_desc"
"zzz_REBIRTH__Core","Config\items.xml","item","FuriousRamsayBob","True","True","FuriousRamsayBobDesc","missing_name_and_desc"
"zzz_REBIRTH__Core","Config\items.xml","item","FuriousRamsayBossAxe","True","True","FuriousRamsayBossAxeDesc","missing_name_and_desc"
"zzz_REBIRTH__Core","Config\items.xml","item","FuriousRamsayBossVulture","True","True","FuriousRamsayBossVultureDesc","missing_name_and_desc"
"zzz_REBIRTH__Core","Config\items.xml","item","FuriousRamsayBrownPasteSchematic","False","True","FuriousRamsayBrownPasteSchematicDesc","missing_desc_only"
"zzz_REBIRTH__Core","Config\items.xml","item","FuriousRamsayChallengeQuestMaster","True","True","FuriousRamsayChallengeQuestMasterDesc","missing_name_and_desc"
"zzz_REBIRTH__Core","Config\items.xml","item","FuriousRamsayClassBookMaster","True","True","FuriousRamsayClassBookMasterDesc","missing_name_and_desc"
"zzz_REBIRTH__Core","Config\items.xml","item","FuriousRamsayClassXPMaster","True","True","FuriousRamsayClassXPMasterDesc","missing_name_and_desc"
"zzz_REBIRTH__Core","Config\items.xml","item","FuriousRamsayClassXPMelee","True","True","FuriousRamsayClassXPMeleeDesc","missing_name_and_desc"
"zzz_REBIRTH__Core","Config\items.xml","item","FuriousRamsayDemons","True","True","FuriousRamsayDemonsDesc","missing_name_and_desc"
"zzz_REBIRTH__Core","Config\items.xml","item","FuriousRamsayExpertiseXPTemplate","True","True","FuriousRamsayExpertiseXPTemplateDesc","missing_name_and_desc"
"zzz_REBIRTH__Core","Config\items.xml","item","FuriousRamsayFarmAnimals","True","True","FuriousRamsayFarmAnimalsDesc","missing_name_and_desc"
"zzz_REBIRTH__Core","Config\items.xml","item","FuriousRamsayFireArmorRepairKit","True","True","FuriousRamsayFireArmorRepairKitDesc","missing_name_and_desc"
"zzz_REBIRTH__Core","Config\items.xml","item","FuriousRamsayFireShockArmorRepairKit","True","True","FuriousRamsayFireShockArmorRepairKitDesc","missing_name_and_desc"
"zzz_REBIRTH__Core","Config\items.xml","item","FuriousRamsayFireShockSmokeArmorRepairKit","True","True","FuriousRamsayFireShockSmokeArmorRepairKitDesc","missing_name_and_desc"
"zzz_REBIRTH__Core","Config\items.xml","item","FuriousRamsayFoodWaste","False","True","FuriousRamsayFoodWasteDesc","missing_desc_only"
"zzz_REBIRTH__Core","Config\items.xml","item","FuriousRamsayGeneticsPerkTrainingMaster","True","True","FuriousRamsayGeneticsPerkTrainingMasterDesc","missing_name_and_desc"
"zzz_REBIRTH__Core","Config\items.xml","item","FuriousRamsayGiveXP","False","True","FuriousRamsayGiveXPDesc","missing_desc_only"
"zzz_REBIRTH__Core","Config\items.xml","item","FuriousRamsayHandZombieCrawlingGrudge","True","True","FuriousRamsayHandZombieCrawlingGrudgeDesc","missing_name_and_desc"
"zzz_REBIRTH__Core","Config\items.xml","item","FuriousRamsayHandZombieFat001","True","True","FuriousRamsayHandZombieFat001Desc","missing_name_and_desc"
"zzz_REBIRTH__Core","Config\items.xml","item","FuriousRamsayHandZombieGiant001","True","True","FuriousRamsayHandZombieGiant001Desc","missing_name_and_desc"
"zzz_REBIRTH__Core","Config\items.xml","item","FuriousRamsayHandZombieStandingGrudge","True","True","FuriousRamsayHandZombieStandingGrudgeDesc","missing_name_and_desc"
"zzz_REBIRTH__Core","Config\items.xml","item","FuriousRamsayImportantAssaultRifle","True","True","FuriousRamsayImportantAssaultRifleDesc","missing_name_and_desc"
"zzz_REBIRTH__Core","Config\items.xml","item","FuriousRamsayImportantBladeTrap","True","True","FuriousRamsayImportantBladeTrapDesc","missing_name_and_desc"
"zzz_REBIRTH__Core","Config\items.xml","item","FuriousRamsayImportantBuilderHammersWeapon1","True","True","FuriousRamsayImportantBuilderHammersWeapon1Desc","missing_name_and_desc"
"zzz_REBIRTH__Core","Config\items.xml","item","FuriousRamsayImportantBuilderHammersWeapon2","True","True","FuriousRamsayImportantBuilderHammersWeapon2Desc","missing_name_and_desc"
"zzz_REBIRTH__Core","Config\items.xml","item","FuriousRamsayImportantBuilderHammersWeapon3","True","True","FuriousRamsayImportantBuilderHammersWeapon3Desc","missing_name_and_desc"
"zzz_REBIRTH__Core","Config\items.xml","item","FuriousRamsayImportantButcherSwordsWeapon1","True","True","FuriousRamsayImportantButcherSwordsWeapon1Desc","missing_name_and_desc"
"zzz_REBIRTH__Core","Config\items.xml","item","FuriousRamsayImportantButcherSwordsWeapon2","True","True","FuriousRamsayImportantButcherSwordsWeapon2Desc","missing_name_and_desc"
"zzz_REBIRTH__Core","Config\items.xml","item","FuriousRamsayImportantButcherSwordsWeapon3","True","True","FuriousRamsayImportantButcherSwordsWeapon3Desc","missing_name_and_desc"
"zzz_REBIRTH__Core","Config\items.xml","item","FuriousRamsayImportantChefKnivesWeapon1","True","True","FuriousRamsayImportantChefKnivesWeapon1Desc","missing_name_and_desc"
"zzz_REBIRTH__Core","Config\items.xml","item","FuriousRamsayImportantChefKnivesWeapon2","True","True","FuriousRamsayImportantChefKnivesWeapon2Desc","missing_name_and_desc"
"zzz_REBIRTH__Core","Config\items.xml","item","FuriousRamsayImportantChefKnivesWeapon3","True","True","FuriousRamsayImportantChefKnivesWeapon3Desc","missing_name_and_desc"
"zzz_REBIRTH__Core","Config\items.xml","item","FuriousRamsayImportantDartTrap","True","True","FuriousRamsayImportantDartTrapDesc","missing_name_and_desc"
"zzz_REBIRTH__Core","Config\items.xml","item","FuriousRamsayImportantDecoys","True","True","FuriousRamsayImportantDecoysDesc","missing_name_and_desc"
"zzz_REBIRTH__Core","Config\items.xml","item","FuriousRamsayImportantDeployableTurret","True","True","FuriousRamsayImportantDeployableTurretDesc","missing_name_and_desc"
"zzz_REBIRTH__Core","Config\items.xml","item","FuriousRamsayImportantDesertVulture","True","True","FuriousRamsayImportantDesertVultureDesc","missing_name_and_desc"
"zzz_REBIRTH__Core","Config\items.xml","item","FuriousRamsayImportantElectricFencePost","True","True","FuriousRamsayImportantElectricFencePostDesc","missing_name_and_desc"
"zzz_REBIRTH__Core","Config\items.xml","item","FuriousRamsayImportantHunterSpearsWeapon1","True","True","FuriousRamsayImportantHunterSpearsWeapon1Desc","missing_name_and_desc"
"zzz_REBIRTH__Core","Config\items.xml","item","FuriousRamsayImportantHunterSpearsWeapon2","True","True","FuriousRamsayImportantHunterSpearsWeapon2Desc","missing_name_and_desc"
"zzz_REBIRTH__Core","Config\items.xml","item","FuriousRamsayImportantHunterSpearsWeapon3","True","True","FuriousRamsayImportantHunterSpearsWeapon3Desc","missing_name_and_desc"
"zzz_REBIRTH__Core","Config\items.xml","item","FuriousRamsayImportantHunterSpearsWeapon4","True","True","FuriousRamsayImportantHunterSpearsWeapon4Desc","missing_name_and_desc"
"zzz_REBIRTH__Core","Config\items.xml","item","FuriousRamsayImportantHuntingRifle","True","True","FuriousRamsayImportantHuntingRifleDesc","missing_name_and_desc"
"zzz_REBIRTH__Core","Config\items.xml","item","FuriousRamsayImportantMachineGun","True","True","FuriousRamsayImportantMachineGunDesc","missing_name_and_desc"
"zzz_REBIRTH__Core","Config\items.xml","item","FuriousRamsayImportantMadmanKnucklesWeapon1","True","True","FuriousRamsayImportantMadmanKnucklesWeapon1Desc","missing_name_and_desc"
"zzz_REBIRTH__Core","Config\items.xml","item","FuriousRamsayImportantMadmanKnucklesWeapon2","True","True","FuriousRamsayImportantMadmanKnucklesWeapon2Desc","missing_name_and_desc"
"zzz_REBIRTH__Core","Config\items.xml","item","FuriousRamsayImportantMadmanKnucklesWeapon3","True","True","FuriousRamsayImportantMadmanKnucklesWeapon3Desc","missing_name_and_desc"
"zzz_REBIRTH__Core","Config\items.xml","item","FuriousRamsayImportantMadmanKnucklesWeapon4","True","True","FuriousRamsayImportantMadmanKnucklesWeapon4Desc","missing_name_and_desc"
"zzz_REBIRTH__Core","Config\items.xml","item","FuriousRamsayImportantMagnum","True","True","FuriousRamsayImportantMagnumDesc","missing_name_and_desc"
"zzz_REBIRTH__Core","Config\items.xml","item","FuriousRamsayImportantMarksmanRifle","True","True","FuriousRamsayImportantMarksmanRifleDesc","missing_name_and_desc"
"zzz_REBIRTH__Core","Config\items.xml","item","FuriousRamsayImportantMaster","True","True","FuriousRamsayImportantMasterDesc","missing_name_and_desc"
"zzz_REBIRTH__Core","Config\items.xml","item","FuriousRamsayImportantPistol","True","True","FuriousRamsayImportantPistolDesc","missing_name_and_desc"
"zzz_REBIRTH__Core","Config\items.xml","item","FuriousRamsayImportantShotgun","True","True","FuriousRamsayImportantShotgunDesc","missing_name_and_desc"
"zzz_REBIRTH__Core","Config\items.xml","item","FuriousRamsayImportantShotgunTurret","True","True","FuriousRamsayImportantShotgunTurretDesc","missing_name_and_desc"
"zzz_REBIRTH__Core","Config\items.xml","item","FuriousRamsayImportantSMGTurret","True","True","FuriousRamsayImportantSMGTurretDesc","missing_name_and_desc"
"zzz_REBIRTH__Core","Config\items.xml","item","FuriousRamsayImportantSoldierAxesWeapon1","True","True","FuriousRamsayImportantSoldierAxesWeapon1Desc","missing_name_and_desc"
"zzz_REBIRTH__Core","Config\items.xml","item","FuriousRamsayImportantSoldierAxesWeapon2","True","True","FuriousRamsayImportantSoldierAxesWeapon2Desc","missing_name_and_desc"
"zzz_REBIRTH__Core","Config\items.xml","item","FuriousRamsayImportantSoldierAxesWeapon3","True","True","FuriousRamsayImportantSoldierAxesWeapon3Desc","missing_name_and_desc"
"zzz_REBIRTH__Core","Config\items.xml","item","FuriousRamsayImportantSubmachineGun","True","True","FuriousRamsayImportantSubmachineGunDesc","missing_name_and_desc"
"zzz_REBIRTH__Core","Config\items.xml","item","FuriousRamsayImportantTacticalAssaultRifle","True","True","FuriousRamsayImportantTacticalAssaultRifleDesc","missing_name_and_desc"
"zzz_REBIRTH__Core","Config\items.xml","item","FuriousRamsayImportantTechnogeekBatonsWeapon1","True","True","FuriousRamsayImportantTechnogeekBatonsWeapon1Desc","missing_name_and_desc"
"zzz_REBIRTH__Core","Config\items.xml","item","FuriousRamsayImportantTechnogeekBatonsWeapon2","True","True","FuriousRamsayImportantTechnogeekBatonsWeapon2Desc","missing_name_and_desc"
"zzz_REBIRTH__Core","Config\items.xml","item","FuriousRamsayImportantTechnogeekBatonsWeapon3","True","True","FuriousRamsayImportantTechnogeekBatonsWeapon3Desc","missing_name_and_desc"
"zzz_REBIRTH__Core","Config\items.xml","item","FuriousRamsayImportantTechnogeekBatonsWeapon4","True","True","FuriousRamsayImportantTechnogeekBatonsWeapon4Desc","missing_name_and_desc"
"zzz_REBIRTH__Core","Config\items.xml","item","FuriousRamsayImportantThugClubsWeapon1","True","True","FuriousRamsayImportantThugClubsWeapon1Desc","missing_name_and_desc"
"zzz_REBIRTH__Core","Config\items.xml","item","FuriousRamsayImportantThugClubsWeapon2","True","True","FuriousRamsayImportantThugClubsWeapon2Desc","missing_name_and_desc"
"zzz_REBIRTH__Core","Config\items.xml","item","FuriousRamsayImportantThugClubsWeapon3","True","True","FuriousRamsayImportantThugClubsWeapon3Desc","missing_name_and_desc"
"zzz_REBIRTH__Core","Config\items.xml","item","FuriousRamsayImportantThugClubsWeapon4","True","True","FuriousRamsayImportantThugClubsWeapon4Desc","missing_name_and_desc"
"zzz_REBIRTH__Core","Config\items.xml","item","FuriousRamsayImportantWeaponsmithLevel3","True","True","FuriousRamsayImportantWeaponsmithLevel3Desc","missing_name_and_desc"
"zzz_REBIRTH__Core","Config\items.xml","item","FuriousRamsayImportantWeaponsmithLevel4","True","True","FuriousRamsayImportantWeaponsmithLevel4Desc","missing_name_and_desc"
"zzz_REBIRTH__Core","Config\items.xml","item","FuriousRamsayImportantWeaponsmithLevel5","True","True","FuriousRamsayImportantWeaponsmithLevel5Desc","missing_name_and_desc"
"zzz_REBIRTH__Core","Config\items.xml","item","FuriousRamsayImportantWeaponsmithLevel6","True","True","FuriousRamsayImportantWeaponsmithLevel6Desc","missing_name_and_desc"
"zzz_REBIRTH__Core","Config\items.xml","item","FuriousRamsayImportantWeaponsmithLevel7","True","True","FuriousRamsayImportantWeaponsmithLevel7Desc","missing_name_and_desc"
"zzz_REBIRTH__Core","Config\items.xml","item","FuriousRamsayImportantWeaponsmithLevel8","True","True","FuriousRamsayImportantWeaponsmithLevel8Desc","missing_name_and_desc"
"zzz_REBIRTH__Core","Config\items.xml","item","FuriousRamsayImportantWitchDoctorScythesWeapon1","True","True","FuriousRamsayImportantWitchDoctorScythesWeapon1Desc","missing_name_and_desc"
"zzz_REBIRTH__Core","Config\items.xml","item","FuriousRamsayImportantWitchDoctorScythesWeapon2","True","True","FuriousRamsayImportantWitchDoctorScythesWeapon2Desc","missing_name_and_desc"
"zzz_REBIRTH__Core","Config\items.xml","item","FuriousRamsayImportantWitchDoctorScythesWeapon3","True","True","FuriousRamsayImportantWitchDoctorScythesWeapon3Desc","missing_name_and_desc"
"zzz_REBIRTH__Core","Config\items.xml","item","FuriousRamsayJunkTurretAmmoAP","True","True","FuriousRamsayJunkTurretAmmoAPDesc","missing_name_and_desc"
"zzz_REBIRTH__Core","Config\items.xml","item","FuriousRamsayJunkTurretAmmoRegular","True","True","FuriousRamsayJunkTurretAmmoRegularDesc","missing_name_and_desc"
"zzz_REBIRTH__Core","Config\items.xml","item","FuriousRamsayJunkTurretAmmoShell","True","True","FuriousRamsayJunkTurretAmmoShellDesc","missing_name_and_desc"
"zzz_REBIRTH__Core","Config\items.xml","item","FuriousRamsayJunkTurretAmmoShock","True","True","FuriousRamsayJunkTurretAmmoShockDesc","missing_name_and_desc"
"zzz_REBIRTH__Core","Config\items.xml","item","FuriousRamsayJunkTurretAmmoSledge","True","True","FuriousRamsayJunkTurretAmmoSledgeDesc","missing_name_and_desc"
"zzz_REBIRTH__Core","Config\items.xml","item","FuriousRamsayJunkTurretSledgeType","True","True","FuriousRamsayJunkTurretSledgeTypeDesc","missing_name_and_desc"
"zzz_REBIRTH__Core","Config\items.xml","item","FuriousRamsayJunkTurretSledgeTypeRegular","True","True","FuriousRamsayJunkTurretSledgeTypeRegularDesc","missing_name_and_desc"
"zzz_REBIRTH__Core","Config\items.xml","item","FuriousRamsayJunkTurretType","True","True","FuriousRamsayJunkTurretTypeDesc","missing_name_and_desc"
"zzz_REBIRTH__Core","Config\items.xml","item","FuriousRamsayJunkTurretTypeAP","True","True","FuriousRamsayJunkTurretTypeAPDesc","missing_name_and_desc"
"zzz_REBIRTH__Core","Config\items.xml","item","FuriousRamsayJunkTurretTypeRegular","True","True","FuriousRamsayJunkTurretTypeRegularDesc","missing_name_and_desc"
"zzz_REBIRTH__Core","Config\items.xml","item","FuriousRamsayJunkTurretTypeShell","True","True","FuriousRamsayJunkTurretTypeShellDesc","missing_name_and_desc"
"zzz_REBIRTH__Core","Config\items.xml","item","FuriousRamsayJunkTurretTypeShock","True","True","FuriousRamsayJunkTurretTypeShockDesc","missing_name_and_desc"
"zzz_REBIRTH__Core","Config\items.xml","item","FuriousRamsayLootOnly","False","True","FuriousRamsayLootOnlyDesc","missing_desc_only"
"zzz_REBIRTH__Core","Config\items.xml","item","FuriousRamsayMeleeHandAllyBearTier4","True","True","FuriousRamsayMeleeHandAllyBearTier4Desc","missing_name_and_desc"
"zzz_REBIRTH__Core","Config\items.xml","item","FuriousRamsayMeleeHandAllyBearTier4Spawn","True","True","FuriousRamsayMeleeHandAllyBearTier4SpawnDesc","missing_name_and_desc"
"zzz_REBIRTH__Core","Config\items.xml","item","FuriousRamsayMeleeHandAllyDogTier1","True","True","FuriousRamsayMeleeHandAllyDogTier1Desc","missing_name_and_desc"
"zzz_REBIRTH__Core","Config\items.xml","item","FuriousRamsayMeleeHandAllyDogTier1Spawn","True","True","FuriousRamsayMeleeHandAllyDogTier1SpawnDesc","missing_name_and_desc"
"zzz_REBIRTH__Core","Config\items.xml","item","FuriousRamsayMeleeHandAllyLionTier3","True","True","FuriousRamsayMeleeHandAllyLionTier3Desc","missing_name_and_desc"
"zzz_REBIRTH__Core","Config\items.xml","item","FuriousRamsayMeleeHandAllyLionTier3Spawn","True","True","FuriousRamsayMeleeHandAllyLionTier3SpawnDesc","missing_name_and_desc"
"zzz_REBIRTH__Core","Config\items.xml","item","FuriousRamsayMeleeHandAllyNPCTier5","True","True","FuriousRamsayMeleeHandAllyNPCTier5Desc","missing_name_and_desc"
"zzz_REBIRTH__Core","Config\items.xml","item","FuriousRamsayMeleeHandAllyNPCTier5Spawn","True","True","FuriousRamsayMeleeHandAllyNPCTier5SpawnDesc","missing_name_and_desc"
"zzz_REBIRTH__Core","Config\items.xml","item","FuriousRamsayMeleeHandAllyVulture","True","True","FuriousRamsayMeleeHandAllyVultureDesc","missing_name_and_desc"
"zzz_REBIRTH__Core","Config\items.xml","item","FuriousRamsayMeleeHandAllyWolfTier2","True","True","FuriousRamsayMeleeHandAllyWolfTier2Desc","missing_name_and_desc"
"zzz_REBIRTH__Core","Config\items.xml","item","FuriousRamsayMeleeHandAllyWolfTier2Spawn","True","True","FuriousRamsayMeleeHandAllyWolfTier2SpawnDesc","missing_name_and_desc"
"zzz_REBIRTH__Core","Config\items.xml","item","FuriousRamsayMeleeHandBoss","True","True","FuriousRamsayMeleeHandBossDesc","missing_name_and_desc"
"zzz_REBIRTH__Core","Config\items.xml","item","FuriousRamsayMeleeHandCyborg001","True","True","FuriousRamsayMeleeHandCyborg001Desc","missing_name_and_desc"
"zzz_REBIRTH__Core","Config\items.xml","item","FuriousRamsayMeleeHandCyborg002","True","True","FuriousRamsayMeleeHandCyborg002Desc","missing_name_and_desc"
"zzz_REBIRTH__Core","Config\items.xml","item","FuriousRamsayMeleeHandCyborg003","True","True","FuriousRamsayMeleeHandCyborg003Desc","missing_name_and_desc"
"zzz_REBIRTH__Core","Config\items.xml","item","FuriousRamsayMeleeHandCyborg004","True","True","FuriousRamsayMeleeHandCyborg004Desc","missing_name_and_desc"
"zzz_REBIRTH__Core","Config\items.xml","item","FuriousRamsayMeleeHandCyborg005","True","True","FuriousRamsayMeleeHandCyborg005Desc","missing_name_and_desc"
"zzz_REBIRTH__Core","Config\items.xml","item","FuriousRamsayMeleeHandDog","True","True","FuriousRamsayMeleeHandDogDesc","missing_name_and_desc"
"zzz_REBIRTH__Core","Config\items.xml","item","FuriousRamsayMeleeHandEnemyTier4","True","True","FuriousRamsayMeleeHandEnemyTier4Desc","missing_name_and_desc"
"zzz_REBIRTH__Core","Config\items.xml","item","FuriousRamsayMeleeHandHorrorPanther","True","True","FuriousRamsayMeleeHandHorrorPantherDesc","missing_name_and_desc"
"zzz_REBIRTH__Core","Config\items.xml","item","FuriousRamsayMeleeHandHostileSmallAnimal","True","True","FuriousRamsayMeleeHandHostileSmallAnimalDesc","missing_name_and_desc"
"zzz_REBIRTH__Core","Config\items.xml","item","FuriousRamsayMeleeHandInvisible","True","True","FuriousRamsayMeleeHandInvisibleDesc","missing_name_and_desc"
"zzz_REBIRTH__Core","Config\items.xml","item","FuriousRamsayMeleeHandKamikazeTier1","True","True","FuriousRamsayMeleeHandKamikazeTier1Desc","missing_name_and_desc"
"zzz_REBIRTH__Core","Config\items.xml","item","FuriousRamsayMeleeHandKamikazeTier2","True","True","FuriousRamsayMeleeHandKamikazeTier2Desc","missing_name_and_desc"
"zzz_REBIRTH__Core","Config\items.xml","item","FuriousRamsayMeleeHandKamikazeTier3","True","True","FuriousRamsayMeleeHandKamikazeTier3Desc","missing_name_and_desc"
"zzz_REBIRTH__Core","Config\items.xml","item","FuriousRamsayMeleeHandKamikazeTier4","True","True","FuriousRamsayMeleeHandKamikazeTier4Desc","missing_name_and_desc"
"zzz_REBIRTH__Core","Config\items.xml","item","FuriousRamsayMeleeHandKamikazeTier5","True","True","FuriousRamsayMeleeHandKamikazeTier5Desc","missing_name_and_desc"
"zzz_REBIRTH__Core","Config\items.xml","item","FuriousRamsayMeleeHandMedicalDroid","True","True","FuriousRamsayMeleeHandMedicalDroidDesc","missing_name_and_desc"
"zzz_REBIRTH__Core","Config\items.xml","item","FuriousRamsayMeleeHandMutant001","True","True","FuriousRamsayMeleeHandMutant001Desc","missing_name_and_desc"
"zzz_REBIRTH__Core","Config\items.xml","item","FuriousRamsayMeleeHandNano001","True","True","FuriousRamsayMeleeHandNano001Desc","missing_name_and_desc"
"zzz_REBIRTH__Core","Config\items.xml","item","FuriousRamsayMeleeHandNano002","True","True","FuriousRamsayMeleeHandNano002Desc","missing_name_and_desc"
"zzz_REBIRTH__Core","Config\items.xml","item","FuriousRamsayMeleeHandNano003","True","True","FuriousRamsayMeleeHandNano003Desc","missing_name_and_desc"
"zzz_REBIRTH__Core","Config\items.xml","item","FuriousRamsayMeleeHandNano004","True","True","FuriousRamsayMeleeHandNano004Desc","missing_name_and_desc"
"zzz_REBIRTH__Core","Config\items.xml","item","FuriousRamsayMeleeHandNano005","True","True","FuriousRamsayMeleeHandNano005Desc","missing_name_and_desc"
"zzz_REBIRTH__Core","Config\items.xml","item","FuriousRamsayMeleeHandPanther","True","True","FuriousRamsayMeleeHandPantherDesc","missing_name_and_desc"
"zzz_REBIRTH__Core","Config\items.xml","item","FuriousRamsayMeleeHandRagePanther","True","True","FuriousRamsayMeleeHandRagePantherDesc","missing_name_and_desc"
"zzz_REBIRTH__Core","Config\items.xml","item","FuriousRamsayMeleeHandSeeker001","True","True","FuriousRamsayMeleeHandSeeker001Desc","missing_name_and_desc"
"zzz_REBIRTH__Core","Config\items.xml","item","FuriousRamsayMeleeHandSeeker002","True","True","FuriousRamsayMeleeHandSeeker002Desc","missing_name_and_desc"
"zzz_REBIRTH__Core","Config\items.xml","item","FuriousRamsayMeleeHandSeeker003","True","True","FuriousRamsayMeleeHandSeeker003Desc","missing_name_and_desc"
"zzz_REBIRTH__Core","Config\items.xml","item","FuriousRamsayMeleeHandSeeker004","True","True","FuriousRamsayMeleeHandSeeker004Desc","missing_name_and_desc"
"zzz_REBIRTH__Core","Config\items.xml","item","FuriousRamsayMeleeHandSeeker005","True","True","FuriousRamsayMeleeHandSeeker005Desc","missing_name_and_desc"
"zzz_REBIRTH__Core","Config\items.xml","item","FuriousRamsayMeleeHandSeeker006","True","True","FuriousRamsayMeleeHandSeeker006Desc","missing_name_and_desc"
"zzz_REBIRTH__Core","Config\items.xml","item","FuriousRamsayMeleeHandSeeker007","True","True","FuriousRamsayMeleeHandSeeker007Desc","missing_name_and_desc"
"zzz_REBIRTH__Core","Config\items.xml","item","FuriousRamsayMeleeHandSmokeZombie","True","True","FuriousRamsayMeleeHandSmokeZombieDesc","missing_name_and_desc"
"zzz_REBIRTH__Core","Config\items.xml","item","FuriousRamsayMeleeHandSmokeZombieFeral","True","True","FuriousRamsayMeleeHandSmokeZombieFeralDesc","missing_name_and_desc"
"zzz_REBIRTH__Core","Config\items.xml","item","FuriousRamsayMeleeHandSmokeZombieRadiated","True","True","FuriousRamsayMeleeHandSmokeZombieRadiatedDesc","missing_name_and_desc"
"zzz_REBIRTH__Core","Config\items.xml","item","FuriousRamsayMeleeHandSurvivor","True","True","FuriousRamsayMeleeHandSurvivorDesc","missing_name_and_desc"
"zzz_REBIRTH__Core","Config\items.xml","item","FuriousRamsayMeleeHandWerewolfTier1","True","True","FuriousRamsayMeleeHandWerewolfTier1Desc","missing_name_and_desc"
"zzz_REBIRTH__Core","Config\items.xml","item","FuriousRamsayMeleeHandWindTornado","True","True","FuriousRamsayMeleeHandWindTornadoDesc","missing_name_and_desc"
"zzz_REBIRTH__Core","Config\items.xml","item","FuriousRamsayMeleeHandWraithRanged001","True","True","FuriousRamsayMeleeHandWraithRanged001Desc","missing_name_and_desc"
"zzz_REBIRTH__Core","Config\items.xml","item","FuriousRamsayMeleeHandWraithRanged002","True","True","FuriousRamsayMeleeHandWraithRanged002Desc","missing_name_and_desc"
"zzz_REBIRTH__Core","Config\items.xml","item","FuriousRamsayMeleeHandWraithRanged003","True","True","FuriousRamsayMeleeHandWraithRanged003Desc","missing_name_and_desc"
"zzz_REBIRTH__Core","Config\items.xml","item","FuriousRamsayMeleeHandWraithRanged004","True","True","FuriousRamsayMeleeHandWraithRanged004Desc","missing_name_and_desc"
"zzz_REBIRTH__Core","Config\items.xml","item","FuriousRamsayMeleeHandWraithRanged005","True","True","FuriousRamsayMeleeHandWraithRanged005Desc","missing_name_and_desc"
"zzz_REBIRTH__Core","Config\items.xml","item","FuriousRamsayMeleeHandWraithSkeleton001","True","True","FuriousRamsayMeleeHandWraithSkeleton001Desc","missing_name_and_desc"
"zzz_REBIRTH__Core","Config\items.xml","item","FuriousRamsayMeleeHandWraithSkeleton002","True","True","FuriousRamsayMeleeHandWraithSkeleton002Desc","missing_name_and_desc"
"zzz_REBIRTH__Core","Config\items.xml","item","FuriousRamsayMeleeHandWraithSkeleton003","True","True","FuriousRamsayMeleeHandWraithSkeleton003Desc","missing_name_and_desc"
"zzz_REBIRTH__Core","Config\items.xml","item","FuriousRamsayMeleeHandWraithSkeleton004","True","True","FuriousRamsayMeleeHandWraithSkeleton004Desc","missing_name_and_desc"
"zzz_REBIRTH__Core","Config\items.xml","item","FuriousRamsayMeleeHandWraithSkeleton005","True","True","FuriousRamsayMeleeHandWraithSkeleton005Desc","missing_name_and_desc"
"zzz_REBIRTH__Core","Config\items.xml","item","FuriousRamsayMeleeHandZombieLeaderTier1","True","True","FuriousRamsayMeleeHandZombieLeaderTier1Desc","missing_name_and_desc"
"zzz_REBIRTH__Core","Config\items.xml","item","FuriousRamsayMeleeHandZombieMaster","True","True","FuriousRamsayMeleeHandZombieMasterDesc","missing_name_and_desc"
"zzz_REBIRTH__Core","Config\items.xml","item","FuriousRamsayMeleeHandZombieMasterFeral","True","True","FuriousRamsayMeleeHandZombieMasterFeralDesc","missing_name_and_desc"
"zzz_REBIRTH__Core","Config\items.xml","item","FuriousRamsayMeleeHandZombieMasterRadiated","True","True","FuriousRamsayMeleeHandZombieMasterRadiatedDesc","missing_name_and_desc"
"zzz_REBIRTH__Core","Config\items.xml","item","FuriousRamsayMeleeHandzombieMutatedMinion","True","True","FuriousRamsayMeleeHandzombieMutatedMinionDesc","missing_name_and_desc"
"zzz_REBIRTH__Core","Config\items.xml","item","FuriousRamsayMercenaries","True","True","FuriousRamsayMercenariesDesc","missing_name_and_desc"
"zzz_REBIRTH__Core","Config\items.xml","item","FuriousRamsayMutants","True","True","FuriousRamsayMutantsDesc","missing_name_and_desc"
"zzz_REBIRTH__Core","Config\items.xml","item","FuriousRamsayNanos","True","True","FuriousRamsayNanosDesc","missing_name_and_desc"
"zzz_REBIRTH__Core","Config\items.xml","item","FuriousRamsayNPCEmptyHand","True","True","FuriousRamsayNPCEmptyHandDesc","missing_name_and_desc"
"zzz_REBIRTH__Core","Config\items.xml","item","FuriousRamsayNPCEmptyHandTier1","True","True","FuriousRamsayNPCEmptyHandTier1Desc","missing_name_and_desc"
"zzz_REBIRTH__Core","Config\items.xml","item","FuriousRamsayNPCEmptyHandTier10","True","True","FuriousRamsayNPCEmptyHandTier10Desc","missing_name_and_desc"
"zzz_REBIRTH__Core","Config\items.xml","item","FuriousRamsayNPCEmptyHandTier2","True","True","FuriousRamsayNPCEmptyHandTier2Desc","missing_name_and_desc"
"zzz_REBIRTH__Core","Config\items.xml","item","FuriousRamsayNPCEmptyHandTier3","True","True","FuriousRamsayNPCEmptyHandTier3Desc","missing_name_and_desc"
"zzz_REBIRTH__Core","Config\items.xml","item","FuriousRamsayNPCEmptyHandTier4","True","True","FuriousRamsayNPCEmptyHandTier4Desc","missing_name_and_desc"
"zzz_REBIRTH__Core","Config\items.xml","item","FuriousRamsayNPCEmptyHandTier5","True","True","FuriousRamsayNPCEmptyHandTier5Desc","missing_name_and_desc"
"zzz_REBIRTH__Core","Config\items.xml","item","FuriousRamsayNPCEmptyHandTier6","True","True","FuriousRamsayNPCEmptyHandTier6Desc","missing_name_and_desc"
"zzz_REBIRTH__Core","Config\items.xml","item","FuriousRamsayNPCEmptyHandTier7","True","True","FuriousRamsayNPCEmptyHandTier7Desc","missing_name_and_desc"
"zzz_REBIRTH__Core","Config\items.xml","item","FuriousRamsayNPCEmptyHandTier8","True","True","FuriousRamsayNPCEmptyHandTier8Desc","missing_name_and_desc"
"zzz_REBIRTH__Core","Config\items.xml","item","FuriousRamsayNPCEmptyHandTier9","True","True","FuriousRamsayNPCEmptyHandTier9Desc","missing_name_and_desc"
"zzz_REBIRTH__Core","Config\items.xml","item","FuriousRamsayNPCKatana002Tier1","True","True","FuriousRamsayNPCKatana002Tier1Desc","missing_name_and_desc"
"zzz_REBIRTH__Core","Config\items.xml","item","FuriousRamsayNPCKatana002Tier2","True","True","FuriousRamsayNPCKatana002Tier2Desc","missing_name_and_desc"
"zzz_REBIRTH__Core","Config\items.xml","item","FuriousRamsayNPCKatana002Tier3","True","True","FuriousRamsayNPCKatana002Tier3Desc","missing_name_and_desc"
"zzz_REBIRTH__Core","Config\items.xml","item","FuriousRamsayNPCKatana002Tier4","True","True","FuriousRamsayNPCKatana002Tier4Desc","missing_name_and_desc"
"zzz_REBIRTH__Core","Config\items.xml","item","FuriousRamsayNPCKatana002Tier5","True","True","FuriousRamsayNPCKatana002Tier5Desc","missing_name_and_desc"
"zzz_REBIRTH__Core","Config\items.xml","item","FuriousRamsayNPCKatana003","True","True","FuriousRamsayNPCKatana003Desc","missing_name_and_desc"
"zzz_REBIRTH__Core","Config\items.xml","item","FuriousRamsayPandemic001","True","True","FuriousRamsayPandemic001Desc","missing_name_and_desc"
"zzz_REBIRTH__Core","Config\items.xml","item","FuriousRamsayPerkSound","True","True","FuriousRamsayPerkSoundDesc","missing_name_and_desc"
"zzz_REBIRTH__Core","Config\items.xml","item","FuriousRamsayPillGeneric25","True","True","FuriousRamsayPillGeneric25Desc","missing_name_and_desc"
"zzz_REBIRTH__Core","Config\items.xml","item","FuriousRamsayPillGeneric50","True","True","FuriousRamsayPillGeneric50Desc","missing_name_and_desc"
"zzz_REBIRTH__Core","Config\items.xml","item","FuriousRamsayPillMaster","True","True","FuriousRamsayPillMasterDesc","missing_name_and_desc"
"zzz_REBIRTH__Core","Config\items.xml","item","FuriousRamsayPotionBottleDemon001","False","True","FuriousRamsayPotionBottleDemon001Desc","missing_desc_only"
"zzz_REBIRTH__Core","Config\items.xml","item","FuriousRamsayPotionBottleTemplate","True","True","FuriousRamsayPotionBottleTemplateDesc","missing_name_and_desc"
"zzz_REBIRTH__Core","Config\items.xml","item","FuriousRamsayPotionBottleTemplateBossEvent","True","True","FuriousRamsayPotionBottleTemplateBossEventDesc","missing_name_and_desc"
"zzz_REBIRTH__Core","Config\items.xml","item","FuriousRamsayPotionBottleTemplateOther","True","True","FuriousRamsayPotionBottleTemplateOtherDesc","missing_name_and_desc"
"zzz_REBIRTH__Core","Config\items.xml","item","FuriousRamsayQuickHealDrink","True","True","FuriousRamsayQuickHealDrinkDesc","missing_name_and_desc"
"zzz_REBIRTH__Core","Config\items.xml","item","FuriousRamsayQuickMindControlDrink","True","True","FuriousRamsayQuickMindControlDrinkDesc","missing_name_and_desc"
"zzz_REBIRTH__Core","Config\items.xml","item","FuriousRamsayRangedWeaponPartBarrel1","False","True","FuriousRamsayRangedWeaponPartBarrel1Desc","missing_desc_only"
"zzz_REBIRTH__Core","Config\items.xml","item","FuriousRamsayRangedWeaponPartBarrel2","False","True","FuriousRamsayRangedWeaponPartBarrel2Desc","missing_desc_only"
"zzz_REBIRTH__Core","Config\items.xml","item","FuriousRamsayRangedWeaponPartBarrel3","False","True","FuriousRamsayRangedWeaponPartBarrel3Desc","missing_desc_only"
"zzz_REBIRTH__Core","Config\items.xml","item","FuriousRamsayRangedWeaponPartBarrel4","False","True","FuriousRamsayRangedWeaponPartBarrel4Desc","missing_desc_only"
"zzz_REBIRTH__Core","Config\items.xml","item","FuriousRamsayRangedWeaponPartBow1","False","True","FuriousRamsayRangedWeaponPartBow1Desc","missing_desc_only"
"zzz_REBIRTH__Core","Config\items.xml","item","FuriousRamsayRangedWeaponPartBow2","False","True","FuriousRamsayRangedWeaponPartBow2Desc","missing_desc_only"
"zzz_REBIRTH__Core","Config\items.xml","item","FuriousRamsayRangedWeaponPartExplosives1","False","True","FuriousRamsayRangedWeaponPartExplosives1Desc","missing_desc_only"
"zzz_REBIRTH__Core","Config\items.xml","item","FuriousRamsayRangedWeaponPartExplosives2","False","True","FuriousRamsayRangedWeaponPartExplosives2Desc","missing_desc_only"
"zzz_REBIRTH__Core","Config\items.xml","item","FuriousRamsayRangedWeaponPartHandle1","False","True","FuriousRamsayRangedWeaponPartHandle1Desc","missing_desc_only"
"zzz_REBIRTH__Core","Config\items.xml","item","FuriousRamsayRangedWeaponPartHandle2","False","True","FuriousRamsayRangedWeaponPartHandle2Desc","missing_desc_only"
"zzz_REBIRTH__Core","Config\items.xml","item","FuriousRamsayRangedWeaponPartHandle3","False","True","FuriousRamsayRangedWeaponPartHandle3Desc","missing_desc_only"
"zzz_REBIRTH__Core","Config\items.xml","item","FuriousRamsayRangedWeaponPartHandle4","False","True","FuriousRamsayRangedWeaponPartHandle4Desc","missing_desc_only"
"zzz_REBIRTH__Core","Config\items.xml","item","FuriousRamsayRangedWeaponPartMagazine1","False","True","FuriousRamsayRangedWeaponPartMagazine1Desc","missing_desc_only"
"zzz_REBIRTH__Core","Config\items.xml","item","FuriousRamsayRangedWeaponPartMagazine2","False","True","FuriousRamsayRangedWeaponPartMagazine2Desc","missing_desc_only"
"zzz_REBIRTH__Core","Config\items.xml","item","FuriousRamsayRangedWeaponPartMagazine3","False","True","FuriousRamsayRangedWeaponPartMagazine3Desc","missing_desc_only"
"zzz_REBIRTH__Core","Config\items.xml","item","FuriousRamsayRangedWeaponPartMagazine4","False","True","FuriousRamsayRangedWeaponPartMagazine4Desc","missing_desc_only"
"zzz_REBIRTH__Core","Config\items.xml","item","FuriousRamsayRepairKitMaster","True","True","FuriousRamsayRepairKitMasterDesc","missing_name_and_desc"
"zzz_REBIRTH__Core","Config\items.xml","item","FuriousRamsayRobot003","True","True","FuriousRamsayRobot003Desc","missing_name_and_desc"
"zzz_REBIRTH__Core","Config\items.xml","item","FuriousRamsayRobots","True","True","FuriousRamsayRobotsDesc","missing_name_and_desc"
"zzz_REBIRTH__Core","Config\items.xml","item","FuriousRamsayScarecrow001","True","True","FuriousRamsayScarecrow001Desc","missing_name_and_desc"
"zzz_REBIRTH__Core","Config\items.xml","item","FuriousRamsaySkeleton1Machete","True","True","FuriousRamsaySkeleton1MacheteDesc","missing_name_and_desc"
"zzz_REBIRTH__Core","Config\items.xml","item","FuriousRamsaySkeleton2Spear","True","True","FuriousRamsaySkeleton2SpearDesc","missing_name_and_desc"
"zzz_REBIRTH__Core","Config\items.xml","item","FuriousRamsaySkeleton3Machete","True","True","FuriousRamsaySkeleton3MacheteDesc","missing_name_and_desc"
"zzz_REBIRTH__Core","Config\items.xml","item","FuriousRamsaySkeleton4Spear","True","True","FuriousRamsaySkeleton4SpearDesc","missing_name_and_desc"
"zzz_REBIRTH__Core","Config\items.xml","item","FuriousRamsaySkeleton5Axe","True","True","FuriousRamsaySkeleton5AxeDesc","missing_name_and_desc"
"zzz_REBIRTH__Core","Config\items.xml","item","FuriousRamsaySkeletons","True","True","FuriousRamsaySkeletonsDesc","missing_name_and_desc"
"zzz_REBIRTH__Core","Config\items.xml","item","FuriousRamsayStarterBackpackMaster","True","True","FuriousRamsayStarterBackpackMasterDesc","missing_name_and_desc"
"zzz_REBIRTH__Core","Config\items.xml","item","FuriousRamsaySurvivalSpecialistSP","True","True","FuriousRamsaySurvivalSpecialistSPDesc","missing_name_and_desc"
"zzz_REBIRTH__Core","Config\items.xml","item","FuriousRamsaySurvivorMan000a","True","True","FuriousRamsaySurvivorMan000aDesc","missing_name_and_desc"
"zzz_REBIRTH__Core","Config\items.xml","item","FuriousRamsaySurvivorMan001a","True","True","FuriousRamsaySurvivorMan001aDesc","missing_name_and_desc"
"zzz_REBIRTH__Core","Config\items.xml","item","FuriousRamsaySurvivorMan008Start","True","True","FuriousRamsaySurvivorMan008StartDesc","missing_name_and_desc"
"zzz_REBIRTH__Core","Config\items.xml","item","FuriousRamsaySurvivorWoman001a","True","True","FuriousRamsaySurvivorWoman001aDesc","missing_name_and_desc"
"zzz_REBIRTH__Core","Config\items.xml","item","FuriousRamsayThrowDeployableTemplate","True","True","FuriousRamsayThrowDeployableTemplateDesc","missing_name_and_desc"
"zzz_REBIRTH__Core","Config\items.xml","item","FuriousRamsayVanillaZombies","True","True","FuriousRamsayVanillaZombiesDesc","missing_name_and_desc"
"zzz_REBIRTH__Core","Config\items.xml","item","FuriousRamsayVomitAmmo","True","True","FuriousRamsayVomitAmmoDesc","missing_name_and_desc"
"zzz_REBIRTH__Core","Config\items.xml","item","FuriousRamsayWraith001Ammo","True","True","FuriousRamsayWraith001AmmoDesc","missing_name_and_desc"
"zzz_REBIRTH__Core","Config\items.xml","item","FuriousRamsayWraith002Ammo","True","True","FuriousRamsayWraith002AmmoDesc","missing_name_and_desc"
"zzz_REBIRTH__Core","Config\items.xml","item","FuriousRamsayWraith003Ammo","True","True","FuriousRamsayWraith003AmmoDesc","missing_name_and_desc"
"zzz_REBIRTH__Core","Config\items.xml","item","FuriousRamsayWraith004Ammo","True","True","FuriousRamsayWraith004AmmoDesc","missing_name_and_desc"
"zzz_REBIRTH__Core","Config\items.xml","item","FuriousRamsayWraith005Ammo","True","True","FuriousRamsayWraith005AmmoDesc","missing_name_and_desc"
"zzz_REBIRTH__Core","Config\items.xml","item","FuriousRamsayWraiths","True","True","FuriousRamsayWraithsDesc","missing_name_and_desc"
"zzz_REBIRTH__Core","Config\items.xml","item","FuriousRamsayXPSalvageTools","True","True","FuriousRamsayXPSalvageToolsDesc","missing_name_and_desc"
"zzz_REBIRTH__Core","Config\items.xml","item","FuriousRamsayZombies1-1","True","True","FuriousRamsayZombies1-1Desc","missing_name_and_desc"
"zzz_REBIRTH__Core","Config\items.xml","item","FuriousRamsayZombies14","True","True","FuriousRamsayZombies14Desc","missing_name_and_desc"
"zzz_REBIRTH__Core","Config\items.xml","item","FuriousRamsayZombies2-1","True","True","FuriousRamsayZombies2-1Desc","missing_name_and_desc"
"zzz_REBIRTH__Core","Config\items.xml","item","FuriousRamsayZombies3-1","True","True","FuriousRamsayZombies3-1Desc","missing_name_and_desc"
"zzz_REBIRTH__Core","Config\items.xml","item","generatorbankSchematic","True","True","generatorbankSchematicDesc","missing_name_and_desc"
"zzz_REBIRTH__Core","Config\items.xml","item","geneticsBlueprint","True","True","geneticsBlueprintDesc","missing_name_and_desc"
"zzz_REBIRTH__Core","Config\items.xml","item","GrenadeLauncher01_FRSchematic","False","True","GrenadeLauncher01_FRSchematicDesc","missing_desc_only"
"zzz_REBIRTH__Core","Config\items.xml","item","gunBotT3JunkDroneSchematic","True","True","gunBotT3JunkDroneSchematicDesc","missing_name_and_desc"
"zzz_REBIRTH__Core","Config\items.xml","item","gunMGT2TacticalARSchematic","False","True","gunMGT2TacticalARSchematicDesc","missing_desc_only"
"zzz_REBIRTH__Core","Config\items.xml","item","gunNPCAk47","True","True","gunNPCAk47Desc","missing_name_and_desc"
"zzz_REBIRTH__Core","Config\items.xml","item","gunNPCAShotgun","True","True","gunNPCAShotgunDesc","missing_name_and_desc"
"zzz_REBIRTH__Core","Config\items.xml","item","gunNPCDPistol","True","True","gunNPCDPistolDesc","missing_name_and_desc"
"zzz_REBIRTH__Core","Config\items.xml","item","gunNPCHRifle","True","True","gunNPCHRifleDesc","missing_name_and_desc"
"zzz_REBIRTH__Core","Config\items.xml","item","gunNPCLBow","True","True","gunNPCLBowDesc","missing_name_and_desc"
"zzz_REBIRTH__Core","Config\items.xml","item","gunNPCM60","True","True","gunNPCM60Desc","missing_name_and_desc"
"zzz_REBIRTH__Core","Config\items.xml","item","gunNPCPipeMG","True","True","gunNPCPipeMGDesc","missing_name_and_desc"
"zzz_REBIRTH__Core","Config\items.xml","item","gunNPCPipePistol","True","True","gunNPCPipePistolDesc","missing_name_and_desc"
"zzz_REBIRTH__Core","Config\items.xml","item","gunNPCPipeRifle","True","True","gunNPCPipeRifleDesc","missing_name_and_desc"
"zzz_REBIRTH__Core","Config\items.xml","item","gunNPCPipeShotgun","True","True","gunNPCPipeShotgunDesc","missing_name_and_desc"
"zzz_REBIRTH__Core","Config\items.xml","item","gunNPCPistol","True","True","gunNPCPistolDesc","missing_name_and_desc"
"zzz_REBIRTH__Core","Config\items.xml","item","gunNPCPShotgun","True","True","gunNPCPShotgunDesc","missing_name_and_desc"
"zzz_REBIRTH__Core","Config\items.xml","item","gunNPCRocketLauncher","True","True","gunNPCRocketLauncherDesc","missing_name_and_desc"
"zzz_REBIRTH__Core","Config\items.xml","item","gunNPCSMG5","True","True","gunNPCSMG5Desc","missing_name_and_desc"
"zzz_REBIRTH__Core","Config\items.xml","item","gunNPCSRifle","True","True","gunNPCSRifleDesc","missing_name_and_desc"
"zzz_REBIRTH__Core","Config\items.xml","item","gunNPCTRifle","True","True","gunNPCTRifleDesc","missing_name_and_desc"
"zzz_REBIRTH__Core","Config\items.xml","item","gunNPCXBow","True","True","gunNPCXBowDesc","missing_name_and_desc"
"zzz_REBIRTH__Core","Config\items.xml","item","HeavyPistol01_FRSchematic","False","True","HeavyPistol01_FRSchematicDesc","missing_desc_only"
"zzz_REBIRTH__Core","Config\items.xml","item","HeavyPistol02_FRSchematic","False","True","HeavyPistol02_FRSchematicDesc","missing_desc_only"
"zzz_REBIRTH__Core","Config\items.xml","item","HotwireKit","False","True","HotwireKitDesc","missing_desc_only"
"zzz_REBIRTH__Core","Config\items.xml","item","MachineGun01_FRSchematic","False","True","MachineGun01_FRSchematicDesc","missing_desc_only"
"zzz_REBIRTH__Core","Config\items.xml","item","MachineGun02_FRSchematic","False","True","MachineGun02_FRSchematicDesc","missing_desc_only"
"zzz_REBIRTH__Core","Config\items.xml","item","masterSkillMagazine","True","True","masterSkillMagazineDesc","missing_name_and_desc"
"zzz_REBIRTH__Core","Config\items.xml","item","medicalBandage","True","True","medicalBandageDesc","missing_name_and_desc"
"zzz_REBIRTH__Core","Config\items.xml","item","medicalFirstAidKitSchematic","True","True","medicalFirstAidKitSchematicDesc","missing_name_and_desc"
"zzz_REBIRTH__Core","Config\items.xml","item","medicalPlasterCastSchematic","True","True","medicalPlasterCastSchematicDesc","missing_name_and_desc"
"zzz_REBIRTH__Core","Config\items.xml","item","meleeHandAnimalTemplate","True","True","meleeHandAnimalTemplateDesc","missing_name_and_desc"
"zzz_REBIRTH__Core","Config\items.xml","item","meleeHandNPCMaster","True","True","meleeHandNPCMasterDesc","missing_name_and_desc"
"zzz_REBIRTH__Core","Config\items.xml","item","meleeHandRebirthMaster","True","True","meleeHandRebirthMasterDesc","missing_name_and_desc"
"zzz_REBIRTH__Core","Config\items.xml","item","meleeHandRebirthZombie01","True","True","meleeHandRebirthZombie01Desc","missing_name_and_desc"
"zzz_REBIRTH__Core","Config\items.xml","item","meleeHandzombieMutatedTainted","True","True","meleeHandzombieMutatedTaintedDesc","missing_name_and_desc"
"zzz_REBIRTH__Core","Config\items.xml","item","meleeNPCAxe","True","True","meleeNPCAxeDesc","missing_name_and_desc"
"zzz_REBIRTH__Core","Config\items.xml","item","meleeNPCBatWood","True","True","meleeNPCBatWoodDesc","missing_name_and_desc"
"zzz_REBIRTH__Core","Config\items.xml","item","meleeNPCClubWood","True","True","meleeNPCClubWoodDesc","missing_name_and_desc"
"zzz_REBIRTH__Core","Config\items.xml","item","meleeNPCEmptyHand","True","True","meleeNPCEmptyHandDesc","missing_name_and_desc"
"zzz_REBIRTH__Core","Config\items.xml","item","meleeNPCKnife","True","True","meleeNPCKnifeDesc","missing_name_and_desc"
"zzz_REBIRTH__Core","Config\items.xml","item","meleeNPCMachete","True","True","meleeNPCMacheteDesc","missing_name_and_desc"
"zzz_REBIRTH__Core","Config\items.xml","item","meleeNPCSpear","True","True","meleeNPCSpearDesc","missing_name_and_desc"
"zzz_REBIRTH__Core","Config\items.xml","item","meleeToolRepairT3NailgunSchematic","True","True","meleeToolRepairT3NailgunSchematicDesc","missing_name_and_desc"
"zzz_REBIRTH__Core","Config\items.xml","item","meleeToolSalvageT2RatchetSchematic","True","True","meleeToolSalvageT2RatchetSchematicDesc","missing_name_and_desc"
"zzz_REBIRTH__Core","Config\items.xml","item","meleeToolSalvageT3ImpactDriverSchematic","True","True","meleeToolSalvageT3ImpactDriverSchematicDesc","missing_name_and_desc"
"zzz_REBIRTH__Core","Config\items.xml","item","motionsensorSchematic","True","True","motionsensorSchematicDesc","missing_name_and_desc"
"zzz_REBIRTH__Core","Config\items.xml","item","otherExplosion","True","True","otherExplosionDesc","missing_name_and_desc"
"zzz_REBIRTH__Core","Config\items.xml","item","otherExplosion2","True","True","otherExplosion2Desc","missing_name_and_desc"
"zzz_REBIRTH__Core","Config\items.xml","item","partAlternator_FR","False","True","partAlternator_FRDesc","missing_desc_only"
"zzz_REBIRTH__Core","Config\items.xml","item","partBicycleWheel_FR","False","True","partBicycleWheel_FRDesc","missing_desc_only"
"zzz_REBIRTH__Core","Config\items.xml","item","partCarburetor_FR","False","True","partCarburetor_FRDesc","missing_desc_only"
"zzz_REBIRTH__Core","Config\items.xml","item","partCarRadiator_FR","False","True","partCarRadiator_FRDesc","missing_desc_only"
"zzz_REBIRTH__Core","Config\items.xml","item","partCarStarter_FR","False","True","partCarStarter_FRDesc","missing_desc_only"
"zzz_REBIRTH__Core","Config\items.xml","item","partCarTransmission_FR","False","True","partCarTransmission_FRDesc","missing_desc_only"
"zzz_REBIRTH__Core","Config\items.xml","item","partCarWheel_FR","False","True","partCarWheel_FRDesc","missing_desc_only"
"zzz_REBIRTH__Core","Config\items.xml","item","partCarWheel2_FR","False","True","partCarWheel2_FRDesc","missing_desc_only"
"zzz_REBIRTH__Core","Config\items.xml","item","partFuelPump_FR","False","True","partFuelPump_FRDesc","missing_desc_only"
"zzz_REBIRTH__Core","Config\items.xml","item","partGyroWheel_FR","False","True","partGyroWheel_FRDesc","missing_desc_only"
"zzz_REBIRTH__Core","Config\items.xml","item","partHeavyWheel_FR","False","True","partHeavyWheel_FRDesc","missing_desc_only"
"zzz_REBIRTH__Core","Config\items.xml","item","partMilitaryTruckWheel_FR","False","True","partMilitaryTruckWheel_FRDesc","missing_desc_only"
"zzz_REBIRTH__Core","Config\items.xml","item","partMinibikeWheel_FR","False","True","partMinibikeWheel_FRDesc","missing_desc_only"
"zzz_REBIRTH__Core","Config\items.xml","item","partMotorcycleEngine_FR","False","True","partMotorcycleEngine_FRDesc","missing_desc_only"
"zzz_REBIRTH__Core","Config\items.xml","item","partMotorcycleWheel_FR","False","True","partMotorcycleWheel_FRDesc","missing_desc_only"
"zzz_REBIRTH__Core","Config\items.xml","item","partMotorcycleWheel2_FR","False","True","partMotorcycleWheel2_FRDesc","missing_desc_only"
"zzz_REBIRTH__Core","Config\items.xml","item","partSparkPlugs_FR","False","True","partSparkPlugs_FRDesc","missing_desc_only"
"zzz_REBIRTH__Core","Config\items.xml","item","partTruckRadiator_FR","False","True","partTruckRadiator_FRDesc","missing_desc_only"
"zzz_REBIRTH__Core","Config\items.xml","item","partTruckWheel_FR","False","True","partTruckWheel_FRDesc","missing_desc_only"
"zzz_REBIRTH__Core","Config\items.xml","item","partTruckWheel2_FR","False","True","partTruckWheel2_FRDesc","missing_desc_only"
"zzz_REBIRTH__Core","Config\items.xml","item","partV6Engine_FR","False","True","partV6Engine_FRDesc","missing_desc_only"
"zzz_REBIRTH__Core","Config\items.xml","item","partV8Engine_FR","False","True","partV8Engine_FRDesc","missing_desc_only"
"zzz_REBIRTH__Core","Config\items.xml","item","Pistol01_FRSchematic","False","True","Pistol01_FRSchematicDesc","missing_desc_only"
"zzz_REBIRTH__Core","Config\items.xml","item","Pistol02_FRSchematic","False","True","Pistol02_FRSchematicDesc","missing_desc_only"
"zzz_REBIRTH__Core","Config\items.xml","item","poweredDoorsSchematic","True","True","poweredDoorsSchematicDesc","missing_name_and_desc"
"zzz_REBIRTH__Core","Config\items.xml","item","pressureplateSchematic","True","True","pressureplateSchematicDesc","missing_name_and_desc"
"zzz_REBIRTH__Core","Config\items.xml","item","qc_FuriousRamsayCookedFood","True","True","qc_FuriousRamsayCookedFoodDesc","missing_name_and_desc"
"zzz_REBIRTH__Core","Config\items.xml","item","qc_FuriousRamsayLocateShelterBerserker","False","True","qc_FuriousRamsayLocateShelterBerserkerDesc","missing_desc_only"
"zzz_REBIRTH__Core","Config\items.xml","item","qc_FuriousRamsayLocateShelterBuilder","False","True","qc_FuriousRamsayLocateShelterBuilderDesc","missing_desc_only"
"zzz_REBIRTH__Core","Config\items.xml","item","qc_FuriousRamsayLocateShelterButcher","False","True","qc_FuriousRamsayLocateShelterButcherDesc","missing_desc_only"
"zzz_REBIRTH__Core","Config\items.xml","item","qc_FuriousRamsayLocateShelterChef","False","True","qc_FuriousRamsayLocateShelterChefDesc","missing_desc_only"
"zzz_REBIRTH__Core","Config\items.xml","item","qc_FuriousRamsayLocateShelterHunter","False","True","qc_FuriousRamsayLocateShelterHunterDesc","missing_desc_only"
"zzz_REBIRTH__Core","Config\items.xml","item","qc_FuriousRamsayLocateShelterMadman","False","True","qc_FuriousRamsayLocateShelterMadmanDesc","missing_desc_only"
"zzz_REBIRTH__Core","Config\items.xml","item","qc_FuriousRamsayLocateShelterSoldier","False","True","qc_FuriousRamsayLocateShelterSoldierDesc","missing_desc_only"
"zzz_REBIRTH__Core","Config\items.xml","item","qc_FuriousRamsayLocateShelterTechnogeek","False","True","qc_FuriousRamsayLocateShelterTechnogeekDesc","missing_desc_only"
"zzz_REBIRTH__Core","Config\items.xml","item","qc_FuriousRamsayLocateShelterThug","False","True","qc_FuriousRamsayLocateShelterThugDesc","missing_desc_only"
"zzz_REBIRTH__Core","Config\items.xml","item","qc_FuriousRamsayLocateShelterWitchDoctor","False","True","qc_FuriousRamsayLocateShelterWitchDoctorDesc","missing_desc_only"
"zzz_REBIRTH__Core","Config\items.xml","item","qc_FuriousRamsayStarterToxic","True","True","qc_FuriousRamsayStarterToxicDesc","missing_name_and_desc"
"zzz_REBIRTH__Core","Config\items.xml","item","RadPurgeInjector","True","True","RadPurgeInjectorDesc","missing_name_and_desc"
"zzz_REBIRTH__Core","Config\items.xml","item","resourceMilitaryFiberSchematic","True","True","resourceMilitaryFiberSchematicDesc","missing_name_and_desc"
"zzz_REBIRTH__Core","Config\items.xml","item","Revolver01_FRSchematic","False","True","Revolver01_FRSchematicDesc","missing_desc_only"
"zzz_REBIRTH__Core","Config\items.xml","item","Revolver02_FRSchematic","False","True","Revolver02_FRSchematicDesc","missing_desc_only"
"zzz_REBIRTH__Core","Config\items.xml","item","Shotgun01_FRSchematic","False","True","Shotgun01_FRSchematicDesc","missing_desc_only"
"zzz_REBIRTH__Core","Config\items.xml","item","Shotgun02_FRSchematic","False","True","Shotgun02_FRSchematicDesc","missing_desc_only"
"zzz_REBIRTH__Core","Config\items.xml","item","shotgunTurretSchematic","True","True","shotgunTurretSchematicDesc","missing_name_and_desc"
"zzz_REBIRTH__Core","Config\items.xml","item","SniperRifle01_FRSchematic","False","True","SniperRifle01_FRSchematicDesc","missing_desc_only"
"zzz_REBIRTH__Core","Config\items.xml","item","SniperRifle02_FRSchematic","False","True","SniperRifle02_FRSchematicDesc","missing_desc_only"
"zzz_REBIRTH__Core","Config\items.xml","item","speakerSchematic","True","True","speakerSchematicDesc","missing_name_and_desc"
"zzz_REBIRTH__Core","Config\items.xml","item","spotlightPlayerSchematic","True","True","spotlightPlayerSchematicDesc","missing_name_and_desc"
"zzz_REBIRTH__Core","Config\items.xml","item","SubMachineGun01_FRSchematic","False","True","SubMachineGun01_FRSchematicDesc","missing_desc_only"
"zzz_REBIRTH__Core","Config\items.xml","item","SubMachineGun02_FRSchematic","False","True","SubMachineGun02_FRSchematicDesc","missing_desc_only"
"zzz_REBIRTH__Core","Config\items.xml","item","switchSchematic","True","True","switchSchematicDesc","missing_name_and_desc"
"zzz_REBIRTH__Core","Config\items.xml","item","TacticalAssaultRifle01_FRSchematic","False","True","TacticalAssaultRifle01_FRSchematicDesc","missing_desc_only"
"zzz_REBIRTH__Core","Config\items.xml","item","TacticalAssaultRifle02_FRSchematic","False","True","TacticalAssaultRifle02_FRSchematicDesc","missing_desc_only"
"zzz_REBIRTH__Core","Config\items.xml","item","thrownAmmoPipeBombSchematic","True","True","thrownAmmoPipeBombSchematicDesc","missing_name_and_desc"
"zzz_REBIRTH__Core","Config\items.xml","item","thrownDynamiteSchematic","True","True","thrownDynamiteSchematicDesc","missing_name_and_desc"
"zzz_REBIRTH__Core","Config\items.xml","item","thrownGrenadeContactSchematic","True","True","thrownGrenadeContactSchematicDesc","missing_name_and_desc"
"zzz_REBIRTH__Core","Config\items.xml","item","thrownGrenadeSchematic","True","True","thrownGrenadeSchematicDesc","missing_name_and_desc"
"zzz_REBIRTH__Core","Config\items.xml","item","vehicleBicycleChassisSchematic","False","True","vehicleBicycleChassisSchematicDesc","missing_desc_only"
"zzz_REBIRTH__Core","Config\items.xml","item","vehicleBicycleHandlebarsSchematic","False","True","vehicleBicycleHandlebarsSchematicDesc","missing_desc_only"
"zzz_REBIRTH__Core","Config\items.xml","item","vehicleBicyclePlaceableSchematic","False","True","vehicleBicyclePlaceableSchematicDesc","missing_desc_only"
"zzz_REBIRTH__Core","Config\items.xml","item","vehicleBuggyFR001Placeable","False","True","vehicleBuggyFR001PlaceableDesc","missing_desc_only"
"zzz_REBIRTH__Core","Config\items.xml","item","vehicleGyroCopterAccessoriesSchematic","False","True","vehicleGyroCopterAccessoriesSchematicDesc","missing_desc_only"
"zzz_REBIRTH__Core","Config\items.xml","item","vehicleGyroCopterChassisSchematic","False","True","vehicleGyroCopterChassisSchematicDesc","missing_desc_only"
"zzz_REBIRTH__Core","Config\items.xml","item","vehicleGyrocopterPlaceableSchematic","False","True","vehicleGyrocopterPlaceableSchematicDesc","missing_desc_only"
"zzz_REBIRTH__Core","Config\items.xml","item","vehicleHelicopterPlaceable","True","True","vehicleHelicopterPlaceableDesc","missing_name_and_desc"
"zzz_REBIRTH__Core","Config\items.xml","item","vehicleMinibikeChassisSchematic","False","True","vehicleMinibikeChassisSchematicDesc","missing_desc_only"
"zzz_REBIRTH__Core","Config\items.xml","item","vehicleMinibikeHandlebarsSchematic","False","True","vehicleMinibikeHandlebarsSchematicDesc","missing_desc_only"
"zzz_REBIRTH__Core","Config\items.xml","item","vehicleMinibikePlaceableSchematic","False","True","vehicleMinibikePlaceableSchematicDesc","missing_desc_only"
"zzz_REBIRTH__Core","Config\items.xml","item","vehicleMotorcycleChassisSchematic","False","True","vehicleMotorcycleChassisSchematicDesc","missing_desc_only"
"zzz_REBIRTH__Core","Config\items.xml","item","vehicleMotorcycleFR001Placeable","False","True","vehicleMotorcycleFR001PlaceableDesc","missing_desc_only"
"zzz_REBIRTH__Core","Config\items.xml","item","vehicleMotorcycleHandlebarsSchematic","False","True","vehicleMotorcycleHandlebarsSchematicDesc","missing_desc_only"
"zzz_REBIRTH__Core","Config\items.xml","item","vehicleMotorcyclePlaceableSchematic","False","True","vehicleMotorcyclePlaceableSchematicDesc","missing_desc_only"
"zzz_REBIRTH__Core","Config\items.xml","item","vehiclePartMaster","True","True","vehiclePartMasterDesc","missing_name_and_desc"
"zzz_REBIRTH__Core","Config\items.xml","item","vehicleTruck4x4AccessoriesSchematic","True","True","vehicleTruck4x4AccessoriesSchematicDesc","missing_name_and_desc"
"zzz_REBIRTH__Core","Config\items.xml","item","vehicleTruck4x4ChassisSchematic","True","True","vehicleTruck4x4ChassisSchematicDesc","missing_name_and_desc"
"zzz_REBIRTH__Core","Config\items.xml","item","vehicleTruck4x4PlaceableSchematic","True","True","vehicleTruck4x4PlaceableSchematicDesc","missing_name_and_desc"
"zzz_REBIRTH__Core","Config\items.xml","item","WastelandBoots","False","True","WastelandBootsDesc","missing_desc_only"
"zzz_REBIRTH__Core","Config\items.xml","item","WastelandGloves","False","True","WastelandGlovesDesc","missing_desc_only"
"zzz_REBIRTH__Core","Config\quests.xml","quest","challenge_FuriousRamsayStarterAlchemyTable","True","False","","missing_name"
"zzz_REBIRTH__Core","Config\quests.xml","quest","challenge_FuriousRamsayStarterBlackGold","True","False","","missing_name"
"zzz_REBIRTH__Core","Config\quests.xml","quest","challenge_FuriousRamsayStarterDecoys","True","False","","missing_name"
"zzz_REBIRTH__Core","Config\quests.xml","quest","challenge_FuriousRamsayStarterFactionWarWave1","True","False","","missing_name"
"zzz_REBIRTH__Core","Config\quests.xml","quest","challenge_FuriousRamsayStarterFarming","True","False","","missing_name"
"zzz_REBIRTH__Core","Config\quests.xml","quest","challenge_FuriousRamsayStarterGhosts","True","False","","missing_name"
"zzz_REBIRTH__Core","Config\quests.xml","quest","challenge_FuriousRamsayStarterHazard","True","False","","missing_name"
"zzz_REBIRTH__Core","Config\quests.xml","quest","challenge_FuriousRamsayStarterHoldFetch","True","False","","missing_name"
"zzz_REBIRTH__Core","Config\quests.xml","quest","challenge_FuriousRamsayStarterHunt","True","False","","missing_name"
"zzz_REBIRTH__Core","Config\quests.xml","quest","challenge_FuriousRamsayStarterKamikaze","True","False","","missing_name"
"zzz_REBIRTH__Core","Config\quests.xml","quest","challenge_FuriousRamsayStarterMiniHorde","True","False","","missing_name"
"zzz_REBIRTH__Core","Config\quests.xml","quest","challenge_FuriousRamsayStarterMortarPestle","True","False","","missing_name"
"zzz_REBIRTH__Core","Config\quests.xml","quest","challenge_FuriousRamsayStarterToxic","True","False","","missing_name"
"zzz_REBIRTH__Core","Config\quests.xml","quest","challenge_FuriousRamsayTeleport","True","False","","missing_name"
"zzz_REBIRTH__Core","Config\quests.xml","quest","quest_BasicSurvival_2","True","False","","missing_name"
"zzz_REBIRTH__Core","Config\quests.xml","quest","quest_BasicSurvival_3","True","False","","missing_name"
"zzz_REBIRTH__Core","Config\quests.xml","quest","quest_BasicSurvival_3a","True","False","","missing_name"
"zzz_REBIRTH__Core","Config\quests.xml","quest","quest_BasicSurvival_4","True","False","","missing_name"
"zzz_REBIRTH__Core","Config\quests.xml","quest","quest_BasicSurvival_5","True","False","","missing_name"
"zzz_REBIRTH__Core","Config\quests.xml","quest","quest_BasicSurvival_Berserker","True","False","","missing_name"
"zzz_REBIRTH__Core","Config\quests.xml","quest","quest_BasicSurvival_Builder","True","False","","missing_name"
"zzz_REBIRTH__Core","Config\quests.xml","quest","quest_BasicSurvival_Butcher","True","False","","missing_name"
"zzz_REBIRTH__Core","Config\quests.xml","quest","quest_BasicSurvival_Chef","True","False","","missing_name"
"zzz_REBIRTH__Core","Config\quests.xml","quest","quest_BasicSurvival_hive_1","True","False","","missing_name"
"zzz_REBIRTH__Core","Config\quests.xml","quest","quest_BasicSurvival_hive_2","True","False","","missing_name"
"zzz_REBIRTH__Core","Config\quests.xml","quest","quest_BasicSurvival_Hunter","True","False","","missing_name"
"zzz_REBIRTH__Core","Config\quests.xml","quest","quest_BasicSurvival_jumpstart","True","False","","missing_name"
"zzz_REBIRTH__Core","Config\quests.xml","quest","quest_BasicSurvival_jumpstart2","True","False","","missing_name"
"zzz_REBIRTH__Core","Config\quests.xml","quest","quest_BasicSurvival_jumpstart3","True","False","","missing_name"
"zzz_REBIRTH__Core","Config\quests.xml","quest","quest_BasicSurvival_jumpstart4","True","False","","missing_name"
"zzz_REBIRTH__Core","Config\quests.xml","quest","quest_BasicSurvival_Madman","True","False","","missing_name"
"zzz_REBIRTH__Core","Config\quests.xml","quest","quest_BasicSurvival_Soldier","True","False","","missing_name"
"zzz_REBIRTH__Core","Config\quests.xml","quest","quest_BasicSurvival_Technogeek","True","False","","missing_name"
"zzz_REBIRTH__Core","Config\quests.xml","quest","quest_BasicSurvival_Thug","True","False","","missing_name"
"zzz_REBIRTH__Core","Config\quests.xml","quest","quest_BasicSurvival_WitchDoctor","True","False","","missing_name"
"zzz_REBIRTH__Core","Config\quests.xml","quest","quest_BasicSurvival0","True","False","","missing_name"
"zzz_REBIRTH__Core","Config\quests.xml","quest","quest_BasicSurvival1","True","False","","missing_name"
"zzz_REBIRTH__Core","Config\quests.xml","quest","quest_BasicSurvival1a","True","False","","missing_name"
"zzz_REBIRTH__Core","Config\quests.xml","quest","quest_FuriousRamsayBoilWater","True","False","","missing_name"
"zzz_REBIRTH__Core","Config\quests.xml","quest","quest_FuriousRamsayBoilWaterBerserker","True","False","","missing_name"
"zzz_REBIRTH__Core","Config\quests.xml","quest","quest_FuriousRamsayBoilWaterWitchDoctor","True","False","","missing_name"
"zzz_REBIRTH__Core","Config\quests.xml","quest","quest_FuriousRamsayCookFood","True","False","","missing_name"
"zzz_REBIRTH__Core","Config\quests.xml","quest","quest_FuriousRamsayCookFoodBerserker","True","False","","missing_name"
"zzz_REBIRTH__Core","Config\quests.xml","quest","quest_FuriousRamsayCookFoodWitchDoctor","True","False","","missing_name"
"zzz_REBIRTH__Core","Config\quests.xml","quest","quest_FuriousRamsayEventNanos","True","False","","missing_name"
"zzz_REBIRTH__Core","Config\quests.xml","quest","quest_FuriousRamsayHiveBurnt","True","False","","missing_name"
"zzz_REBIRTH__Core","Config\quests.xml","quest","quest_FuriousRamsayHiveDesert","True","False","","missing_name"
"zzz_REBIRTH__Core","Config\quests.xml","quest","quest_FuriousRamsayHiveForest","True","False","","missing_name"
"zzz_REBIRTH__Core","Config\quests.xml","quest","quest_FuriousRamsayHiveInfestedBurnt","True","False","","missing_name"
"zzz_REBIRTH__Core","Config\quests.xml","quest","quest_FuriousRamsayHiveInfestedDesert","True","False","","missing_name"
"zzz_REBIRTH__Core","Config\quests.xml","quest","quest_FuriousRamsayHiveInfestedForest","True","False","","missing_name"
"zzz_REBIRTH__Core","Config\quests.xml","quest","quest_FuriousRamsayHiveInfestedSnow","True","False","","missing_name"
"zzz_REBIRTH__Core","Config\quests.xml","quest","quest_FuriousRamsayHiveInfestedWasteland","True","False","","missing_name"
"zzz_REBIRTH__Core","Config\quests.xml","quest","quest_FuriousRamsayHiveSnow","True","False","","missing_name"
"zzz_REBIRTH__Core","Config\quests.xml","quest","quest_FuriousRamsayHiveWasteland","True","False","","missing_name"
"zzz_REBIRTH__Core","Config\quests.xml","quest","quest_FuriousRamsayMissionAmmoMachine","True","False","","missing_name"
"zzz_REBIRTH__Core","Config\quests.xml","quest","quest_FuriousRamsayMissionBrownPaste","True","False","","missing_name"
"zzz_REBIRTH__Core","Config\quests.xml","quest","quest_FuriousRamsayMissionChickenCoop","True","False","","missing_name"
"zzz_REBIRTH__Core","Config\quests.xml","quest","quest_FuriousRamsayPlaceCampfire","True","False","","missing_name"
"zzz_REBIRTH__Core","Config\quests.xml","quest","quest_FuriousRamsayPlaceCampfireBerserker","True","False","","missing_name"
"zzz_REBIRTH__Core","Config\quests.xml","quest","quest_FuriousRamsayPlaceCampfireWitchDoctor","True","False","","missing_name"
"zzz_REBIRTH__Core","Config\quests.xml","quest","quest_FuriousRamsayResetPOI","True","False","","missing_name"
"zzz_REBIRTH__Core","Config\quests.xml","quest","quest_FuriousRamsaySalvageBerserker","True","False","","missing_name"
"zzz_REBIRTH__Core","Config\quests.xml","quest","quest_FuriousRamsaySalvageWitchDoctor","True","False","","missing_name"
"zzz_REBIRTH__Core","Config\quests.xml","quest","quest_FuriousRamsayWitchDoctorStart","True","False","","missing_name"
"zzz_REBIRTH__Core","Config\quests.xml","quest","quest_HiveIntro","True","False","","missing_name"
"zzz_REBIRTH__Core","Config\quests.xml","quest","quest_PurgeIntro","True","False","","missing_name"
"zzz_REBIRTH__Core","Config\quests.xml","quest","quest_trainer_missions","True","False","","missing_name"
"zzz_REBIRTH__Core","Config\quests.xml","quest","quest_whiteRiverCitizen_fr","True","False","","missing_name"
"zzz_REBIRTH__Core","Config\quests.xml","quest","quest_whiteRiverCitizen_hive_fr","True","False","","missing_name"
"zzz_REBIRTH__Core","Config\quests.xml","quest","quest_whiteRiverCitizen_jumpstart_fr","True","False","","missing_name"
"zzz_REBIRTH__Core","Config\quests.xml","quest","tier7_clear","True","False","","missing_name"
"zzz_REBIRTH__Core","Config\quests.xml","quest_key_category","challenge","True","False","","missing_name"
"zzz_REBIRTH__Core","Config\quests.xml","quest_key_category","quest","True","False","","missing_name"
"zzz_REBIRTH__Core","Config\quests.xml","quest_key_category","reward","True","False","","missing_name"
"zzz_REBIRTH__Core","Config\quests.xml","quest_key_description","quest_trainer_missions_description","True","False","","missing_name"
"zzz_REBIRTH__Core","Config\quests.xml","quest_key_group","quest_WhiteRiverCitizen","True","False","","missing_name"
"zzz_REBIRTH__Core","Config\quests.xml","quest_key_name","quest_trainer_missions_subtitle","True","False","","missing_name"
"zzz_REBIRTH__Core","Config\quests.xml","quest_key_name","quest_WhiteRiverCitizen1","True","False","","missing_name"
"zzz_REBIRTH__Core","Config\quests.xml","quest_key_offer","challenge_FuriousRamsayStarterMortarPestle_offer","True","False","","missing_name"
"zzz_REBIRTH__Core","Config\quests.xml","quest_key_offer","quest_FuriousRamsayWitchDoctorStart_offer","True","False","","missing_name"
"zzz_REBIRTH__Core","Config\quests.xml","quest_key_subtitle","quest_trainer_missions_subtitle","True","False","","missing_name"
"zzz_REBIRTH__Core","Config\vehicles.xml","vehicle","vehicleHelicopter","True","False","","missing_name"
